	0	1	2	3	4	5	6	7	8	9	10	11	12	13	14	15	16	17	18	19	20	21	22	23	24
nFOMC20070810confcall.csv_CHAIRMAN	3	0	0	0	0	4	0	0	114	0	0	47	4	0	1	0	0	0	0	0	0	0	46	1	0
nFOMC20070810confcall.csv_MR.	0	2	0	0	0	3	0	3	129	5	0	57	2	0	0	0	1	0	3	1	0	0	1	0	0
nFOMC20070810confcall.csv_MR.	2	0	3	0	0	2	0	0	51	0	0	12	0	15	0	0	2	0	0	0	1	0	0	1	0
nFOMC20070810confcall.csv_MR.	0	0	0	0	0	2	0	0	10	0	0	6	1	0	0	0	0	0	1	0	0	0	1	0	0
nFOMC20070810confcall.csv_MR.	18	0	2	1	0	4	11	5	64	0	1	1	2	0	0	0	0	0	0	0	4	0	3	1	1
nFOMC20070810confcall.csv_MR.	1	1	1	0	3	0	0	0	6	1	0	0	0	0	0	0	0	0	1	0	0	0	1	0	0
nFOMC20070810confcall.csv_MR.	0	0	0	0	0	0	0	0	0	0	0	0	0	2	0	0	0	0	0	0	1	0	0	0	1
nFOMC20070810confcall.csv_MR.	5	0	0	0	0	0	0	0	12	0	0	9	4	0	0	1	0	0	0	0	0	0	0	0	0
nFOMC20070810confcall.csv_MR.	1	1	0	0	0	4	0	0	38	0	1	4	0	2	1	0	0	0	1	0	0	0	4	0	0
nFOMC20070810confcall.csv_MR.	2	0	2	0	0	0	0	3	14	0	0	3	0	0	0	1	0	2	0	0	2	1	0	0	0
nFOMC20070810confcall.csv_VICE	18	3	3	0	0	23	0	0	80	0	0	26	0	2	0	0	21	0	0	0	0	0	0	0	0
nFOMC20070321meeting.csv_CHAIRMAN	7	0	2	19	0	23	2	0	1274	4	28	1	1	1	0	0	11	1	0	0	0	2	249	5	3
nFOMC20070321meeting.csv_MR.	19	182	1	0	1	0	0	0	1034	363	8	5	0	0	0	0	0	0	0	1	0	0	0	0	0
nFOMC20070321meeting.csv_MR.	0	2	7	2	51	17	0	21	812	31	74	2	0	222	0	0	0	0	8	1	52	5	2	5	0
nFOMC20070321meeting.csv_MR.	0	0	0	6	0	11	0	1	715	0	54	0	14	1	0	0	0	0	59	0	0	2	0	16	0
nFOMC20070321meeting.csv_MR.	6	2	1	0	16	26	0	1	1146	0	121	0	8	2	1	7	0	0	3	0	1	15	27	0	10
nFOMC20070321meeting.csv_MR.	2	4	0	4	0	145	0	2	772	41	54	0	12	0	0	0	0	0	1	0	0	0	11	0	0
nFOMC20070321meeting.csv_MR.	11	26	2	13	0	6	0	4	988	10	140	0	5	0	1	0	34	0	10	0	43	0	0	3	1
nFOMC20070321meeting.csv_MR.	1	0	0	0	1	0	0	0	501	17	23	0	1	2	2	0	0	0	42	13	19	0	0	0	0
nFOMC20070321meeting.csv_MR.	0	0	0	24	24	0	0	0	1013	0	142	0	362	20	0	0	1	0	0	1	1	0	1	0	0
nFOMC20070321meeting.csv_MR.	8	1	0	5	0	24	2	0	865	6	60	0	0	0	0	0	3	4	2	0	0	0	0	63	0
nFOMC20070321meeting.csv_MR.	3	0	0	38	2	0	3	1	1321	1	174	0	0	0	0	0	7	0	45	2	14	4	0	0	0
nFOMC20070321meeting.csv_MR.	0	12	1	0	0	15	6	82	610	0	46	0	40	0	3	0	2	0	1	0	2	1	0	2	1
nFOMC20070321meeting.csv_MR.	19	46	1	1	1	2	0	4	785	0	6	0	0	0	0	2	9	1	7	0	1	5	0	2	196
nFOMC20070321meeting.csv_MR.	0	0	11	1	2	16	2	1	441	0	60	0	0	0	0	0	0	0	0	0	0	0	5	5	1
nFOMC20070321meeting.csv_MR.	0	3	0	0	2	0	6	0	952	10	0	0	1	0	4	7	0	16	5	0	0	255	2	0	0
nFOMC20070321meeting.csv_MR.	67	0	1	21	0	27	162	2	881	0	70	0	12	0	0	0	0	0	0	0	33	0	17	0	0
nFOMC20070321meeting.csv_MS.	0	0	0	0	0	0	0	0	28	0	0	0	0	0	0	0	0	0	0	0	0	0	36	0	0
nFOMC20070321meeting.csv_MS.	5	4	0	1	21	0	1	0	496	0	0	0	0	0	0	189	0	0	4	0	0	8	0	0	0
nFOMC20070321meeting.csv_MS.	0	0	0	26	7	45	0	0	1355	21	104	1	11	0	8	0	0	0	91	1	14	0	2	4	0
nFOMC20070321meeting.csv_MS.	3	0	0	10	0	0	10	0	611	22	84	0	0	0	0	0	3	0	0	0	0	2	9	11	0
nFOMC20070321meeting.csv_MS.	6	0	0	10	0	3	4	8	1014	11	95	0	0	0	4	0	6	19	0	0	0	1	11	4	4
nFOMC20070321meeting.csv_VICE	37	1	0	0	0	12	3	0	997	9	10	7	41	0	0	0	332	0	0	0	0	0	0	2	1
nFOMC20050809meeting.csv_CHAIRMAN	0	19	193	0	16	9	0	12	1064	34	0	0	19	0	1	14	1	0	0	16	0	10	75	1	0
nFOMC20050809meeting.csv_MR.	2	3	9	1	0	0	0	0	442	0	0	0	0	0	0	1	2	2	0	0	1	0	2	1	11
nFOMC20050809meeting.csv_MR.	0	0	0	0	23	0	7	1	250	0	0	0	0	139	6	5	0	0	7	8	7	0	0	7	0
nFOMC20050809meeting.csv_MR.	0	0	0	0	0	0	2	0	227	0	0	0	0	0	0	0	32	0	0	2	0	2	0	0	0
nFOMC20050809meeting.csv_MR.	0	0	0	0	0	3	0	2	380	0	0	0	0	0	3	0	0	3	9	8	0	20	0	13	1
nFOMC20050809meeting.csv_MR.	0	0	0	0	0	0	0	0	300	0	0	0	2	4	0	4	0	1	43	2	0	4	0	6	0
nFOMC20050809meeting.csv_MR.	1	0	0	0	0	0	2	0	455	3	0	0	0	0	0	7	0	20	0	1	3	0	0	0	0
nFOMC20050809meeting.csv_MR.	4	315	1	0	31	0	0	0	459	30	0	18	0	1	0	6	4	2	4	0	1	2	1	0	0
nFOMC20050809meeting.csv_MR.	0	0	0	1	0	1	0	0	354	0	0	0	0	0	0	1	0	0	16	1	9	10	0	2	7
nFOMC20050809meeting.csv_MR.	2	29	0	0	0	0	0	1	775	0	0	0	0	0	0	5	2	0	0	0	0	0	0	0	154
nFOMC20050809meeting.csv_MR.	2	1	0	0	1	2	9	0	320	1	0	1	0	0	2	0	4	0	15	0	0	8	0	13	0
nFOMC20050809meeting.csv_MR.	2	0	25	0	0	0	6	0	243	1	29	2	0	2	4	13	0	0	0	13	2	0	6	2	0
nFOMC20050809meeting.csv_MR.	1	0	0	0	0	2	0	66	239	0	2	0	13	2	0	0	0	6	1	2	5	26	1	0	0
nFOMC20050809meeting.csv_MR.	0	0	0	1	0	0	0	0	443	0	0	0	0	3	2	1	0	0	58	0	1	0	0	0	0
nFOMC20050809meeting.csv_MR.	0	0	0	0	9	2	2	0	151	0	0	0	1	0	1	0	0	0	4	0	0	0	0	9	0
nFOMC20050809meeting.csv_MR.	0	0	0	0	0	0	0	0	0	0	1	0	0	1	0	0	0	0	0	0	0	1	0	0	0
nFOMC20050809meeting.csv_MR.	0	0	0	0	1	1	0	2	968	0	0	10	6	0	6	0	0	9	1	3	0	207	0	1	0
nFOMC20050809meeting.csv_MS.	1	2	0	0	0	9	0	0	267	109	1	1	1	0	4	0	0	0	0	0	0	0	3	5	0
nFOMC20050809meeting.csv_MS.	0	0	0	0	0	0	0	0	51	0	0	0	0	0	0	0	0	0	0	0	0	0	47	0	0
nFOMC20050809meeting.csv_MS.	0	6	1	0	3	2	0	0	361	1	0	0	1	0	0	200	1	0	0	2	7	13	0	0	0
nFOMC20050809meeting.csv_MS.	0	12	1	2	0	8	5	0	627	4	0	2	0	0	0	0	1	11	69	6	14	0	2	3	0
nFOMC20050809meeting.csv_MS.	1	0	2	0	4	24	0	0	75	27	0	0	2	0	0	0	0	0	0	4	0	0	0	0	1
nFOMC20050809meeting.csv_MS.	0	0	0	0	0	0	0	0	213	0	0	0	1	0	11	1	1	0	1	0	4	0	1	13	1
nFOMC20050809meeting.csv_MS.	0	0	0	0	0	0	0	3	471	0	0	1	0	0	0	0	4	43	3	0	0	48	0	1	0
nFOMC20050809meeting.csv_VICE	1	0	0	0	0	0	0	0	37	0	0	0	0	0	0	0	9	0	0	0	0	0	0	0	0
nFOMC20061212meeting.csv_CHAIRMAN	9	3	8	0	0	0	0	0	1191	12	0	4	0	0	0	9	0	4	0	4	0	0	182	0	0
nFOMC20061212meeting.csv_MR.	0	0	0	0	2	0	0	0	399	9	0	2	0	4	0	0	1	2	69	36	1	1	0	9	0
nFOMC20061212meeting.csv_MR.	0	2	0	0	0	2	15	33	526	0	1	0	1	210	0	13	1	0	5	3	0	0	0	19	0
nFOMC20061212meeting.csv_MR.	0	0	1	0	1	0	0	3	311	0	0	0	0	10	0	5	0	0	34	0	0	3	0	2	0
nFOMC20061212meeting.csv_MR.	0	0	0	0	11	0	0	0	465	11	0	0	0	0	0	166	0	0	0	0	1	2	0	1	0
nFOMC20061212meeting.csv_MR.	0	1	0	48	0	0	0	0	780	4	4	0	0	0	0	0	0	1	2	0	18	0	2	0	0
nFOMC20061212meeting.csv_MR.	13	248	0	0	6	0	0	2	503	35	1	0	0	2	0	3	6	0	0	0	1	2	0	18	6
nFOMC20061212meeting.csv_MR.	0	4	3	8	32	39	0	1	505	3	0	1	0	0	4	0	0	13	7	0	0	1	0	0	1
nFOMC20061212meeting.csv_MR.	7	0	1	0	0	0	0	1	523	0	1	0	0	0	1	2	0	0	37	0	14	9	2	13	4
nFOMC20061212meeting.csv_MR.	0	1	0	0	0	0	0	0	825	4	2	0	0	0	3	0	0	0	0	0	0	0	0	0	200
nFOMC20061212meeting.csv_MR.	0	0	0	2	0	0	0	0	279	0	7	0	68	0	0	0	25	0	0	1	2	0	4	0	0
nFOMC20061212meeting.csv_MR.	0	0	0	0	0	3	1	0	624	0	0	0	0	0	0	2	4	0	12	1	0	0	0	67	0
nFOMC20061212meeting.csv_MR.	0	7	0	0	1	0	0	27	984	1	2	0	14	0	0	1	0	0	127	1	1	0	14	1	1
nFOMC20061212meeting.csv_MR.	0	9	0	0	0	0	0	112	688	0	15	0	0	0	0	0	0	0	0	2	0	1	0	0	0
nFOMC20061212meeting.csv_MR.	0	2	0	0	3	0	1	0	232	1	0	0	0	0	1	0	0	0	7	0	0	1	1	11	2
nFOMC20061212meeting.csv_MR.	0	2	5	0	0	0	5	1	1282	0	0	0	3	0	1	20	0	20	6	0	2	344	0	0	0
nFOMC20061212meeting.csv_MR.	27	0	7	0	0	0	190	3	744	24	0	5	0	0	0	0	0	0	0	0	0	8	1	0	1
nFOMC20061212meeting.csv_MR.	0	0	0	0	0	0	0	0	6	0	0	0	0	0	1	0	0	0	0	0	0	2	0	0	0
nFOMC20061212meeting.csv_MS.	18	0	0	0	4	27	1	5	352	92	0	1	1	3	4	0	0	0	0	0	0	1	0	7	0
nFOMC20061212meeting.csv_MS.	0	0	0	0	0	0	0	0	25	0	0	0	0	0	0	0	0	0	0	0	0	0	36	0	0
nFOMC20061212meeting.csv_MS.	10	0	0	0	0	2	5	3	664	4	5	0	0	0	8	11	2	0	99	0	9	0	10	19	1
nFOMC20061212meeting.csv_MS.	1	2	0	0	0	2	9	5	434	11	1	1	0	0	14	0	11	18	1	0	0	1	0	2	2
nFOMC20061212meeting.csv_MS.	0	0	0	0	1	0	1	0	710	1	0	0	1	0	0	2	0	24	0	0	1	44	0	8	0
nFOMC20061212meeting.csv_VICE	0	0	0	0	0	9	0	0	784	0	5	0	0	0	0	0	114	0	1	0	0	0	0	0	11
nFOMC20070816confcall.csv_CHAIRMAN	28	0	9	1	0	0	4	0	468	1	0	66	1	0	0	0	0	2	0	2	0	0	113	3	0
nFOMC20070816confcall.csv_MR.	27	37	0	0	5	0	0	0	530	114	0	71	0	0	0	0	0	0	0	1	0	1	2	0	0
nFOMC20070816confcall.csv_MR.	15	0	0	0	0	0	0	0	166	0	2	34	0	27	4	0	1	0	0	0	1	0	9	0	0
nFOMC20070816confcall.csv_MR.	2	0	0	0	0	1	0	0	119	0	0	25	10	6	0	0	1	0	0	0	0	0	0	0	0
nFOMC20070816confcall.csv_MR.	48	0	3	1	2	0	0	0	404	13	2	140	10	0	0	0	3	1	0	0	0	1	19	0	0
nFOMC20070816confcall.csv_MR.	7	0	0	0	0	7	0	0	81	0	0	0	1	0	0	0	0	0	0	0	0	0	1	0	0
nFOMC20070816confcall.csv_MR.	67	1	0	0	1	19	1	0	424	2	4	112	0	15	0	0	11	0	0	0	1	3	3	0	0
nFOMC20070816confcall.csv_MR.	0	1	0	0	0	0	0	0	26	0	2	4	0	0	0	0	1	0	0	0	0	0	1	2	0
nFOMC20070816confcall.csv_MR.	0	0	0	0	0	0	0	0	0	0	0	0	0	0	1	0	0	0	0	0	0	0	0	0	0
nFOMC20070816confcall.csv_MR.	0	0	0	0	0	0	0	0	35	0	2	6	0	2	0	0	0	0	0	0	0	0	4	0	0
nFOMC20070816confcall.csv_MR.	12	0	4	0	0	1	0	0	132	1	0	37	64	0	0	0	1	0	0	0	0	0	0	0	0
nFOMC20070816confcall.csv_MR.	0	0	0	0	0	0	0	0	91	0	1	10	0	0	0	0	0	0	0	0	4	0	0	1	1
nFOMC20070816confcall.csv_MR.	3	0	0	0	0	1	0	0	48	0	0	1	0	3	0	0	0	0	1	0	0	0	5	0	0
nFOMC20070816confcall.csv_MR.	2	0	0	0	3	0	0	0	40	1	0	36	0	0	0	0	1	0	0	0	0	0	0	0	0
nFOMC20070816confcall.csv_MR.	1	1	0	0	0	4	0	0	65	1	0	0	0	0	0	0	0	1	0	0	3	0	0	2	0
nFOMC20070816confcall.csv_MR.	0	0	0	0	2	0	9	0	35	2	0	6	0	0	0	0	0	0	0	1	1	0	0	0	0
nFOMC20070816confcall.csv_MS.	25	1	0	0	0	0	1	0	83	0	0	14	7	0	0	0	0	0	0	0	0	0	8	0	0
nFOMC20070816confcall.csv_VICE	2	0	0	0	0	2	0	0	113	0	0	35	10	0	0	0	19	0	0	0	0	0	0	0	0
nFOMC20050503meeting.csv_CHAIRMAN	7	18	187	0	0	0	0	0	987	3	8	0	10	0	0	15	1	3	2	0	10	0	90	6	2
nFOMC20050503meeting.csv_MR.	0	0	5	0	6	7	4	0	567	0	1	0	9	0	0	1	0	11	0	0	19	4	1	0	7
nFOMC20050503meeting.csv_MR.	0	6	0	2	0	0	14	11	321	0	0	2	5	146	0	8	0	22	29	4	2	10	0	6	1
nFOMC20050503meeting.csv_MR.	0	0	28	0	0	1	5	0	476	8	0	0	18	0	0	7	0	6	0	0	27	14	0	0	5
nFOMC20050503meeting.csv_MR.	0	0	0	0	0	0	3	4	365	1	6	0	0	14	0	0	0	0	8	16	7	1	0	12	0
nFOMC20050503meeting.csv_MR.	1	0	0	0	0	0	0	0	404	0	0	0	4	4	0	0	0	0	38	10	3	0	0	5	1
nFOMC20050503meeting.csv_MR.	0	1	1	0	1	0	0	0	505	0	0	0	0	0	0	0	6	20	0	0	1	0	0	1	0
nFOMC20050503meeting.csv_MR.	16	287	0	0	12	1	0	0	454	0	0	0	0	0	0	6	0	0	0	1	0	1	0	0	4
nFOMC20050503meeting.csv_MR.	0	0	0	0	1	3	0	0	487	0	0	0	2	3	0	0	0	0	19	1	19	0	0	0	0
nFOMC20050503meeting.csv_MR.	0	4	1	0	0	0	0	1	435	0	0	0	0	0	0	5	0	11	0	0	0	0	1	56	0
nFOMC20050503meeting.csv_MR.	0	1	0	0	0	0	0	0	5	0	0	0	0	3	0	1	0	0	0	0	0	6	0	0	0
nFOMC20050503meeting.csv_MR.	0	0	20	12	0	0	9	0	223	14	2	9	3	0	0	0	0	1	0	0	20	0	1	7	2
nFOMC20050503meeting.csv_MR.	0	0	0	6	0	0	0	42	288	0	0	0	2	0	0	0	4	1	2	0	7	0	1	3	0
nFOMC20050503meeting.csv_MR.	0	13	5	17	0	0	0	4	621	10	1	7	0	0	0	4	13	26	0	0	6	0	0	0	135
nFOMC20050503meeting.csv_MR.	0	0	2	0	0	0	1	0	496	0	4	1	3	0	3	10	0	0	55	0	4	0	2	6	0
nFOMC20050503meeting.csv_MR.	1	0	1	0	0	0	3	0	205	0	0	1	0	0	0	0	0	2	13	0	6	3	0	5	1
nFOMC20050503meeting.csv_MR.	0	7	15	0	0	9	9	1	1191	0	0	0	0	0	20	28	0	40	0	1	3	110	0	0	0
nFOMC20050503meeting.csv_MS.	0	0	0	1	0	4	22	10	378	0	1	0	0	6	0	4	0	4	1	0	0	0	0	2	0
nFOMC20050503meeting.csv_MS.	0	0	0	0	0	0	0	0	45	0	0	0	0	0	0	0	0	0	0	0	0	0	45	0	0
nFOMC20050503meeting.csv_MS.	0	0	0	2	6	0	0	1	491	1	0	0	0	0	2	185	0	0	0	0	0	7	0	0	0
nFOMC20050503meeting.csv_MS.	5	0	0	1	0	0	0	2	512	0	7	0	0	3	0	0	3	0	56	1	42	3	0	0	0
nFOMC20050503meeting.csv_MS.	0	0	0	0	0	0	2	2	237	0	0	0	0	3	1	0	0	9	1	0	1	0	1	24	0
nFOMC20050503meeting.csv_MS.	0	0	0	5	0	6	0	0	667	0	6	0	0	3	0	0	0	47	4	2	16	0	0	11	10
nFOMC20050503meeting.csv_VICE	7	0	0	1	0	0	0	0	434	0	0	2	0	0	0	1	62	0	0	0	0	0	0	0	0
nFOMC20060808meeting.csv_CHAIRMAN	0	0	4	8	0	0	0	0	1045	0	13	4	4	1	0	0	26	11	8	1	0	12	174	1	0
nFOMC20060808meeting.csv_DAVID	0	0	0	1	0	0	0	0	0	0	1	0	0	0	0	0	0	0	0	0	0	0	0	0	0
nFOMC20060808meeting.csv_MR.	1	4	23	14	35	0	1	49	683	0	1	0	15	256	2	3	0	4	0	0	0	0	5	29	0
nFOMC20060808meeting.csv_MR.	7	0	0	0	0	0	0	2	544	1	8	0	18	2	0	0	0	0	45	17	19	3	0	0	0
nFOMC20060808meeting.csv_MR.	1	0	0	0	0	0	0	2	272	0	0	1	4	4	0	0	0	0	18	0	9	3	1	3	0
nFOMC20060808meeting.csv_MR.	0	0	1	11	0	2	0	0	847	0	43	0	2	0	0	0	0	34	0	0	0	10	13	0	0
nFOMC20060808meeting.csv_MR.	4	221	5	4	0	0	1	0	403	0	0	3	1	0	1	0	0	0	0	0	1	0	0	0	1
nFOMC20060808meeting.csv_MR.	0	2	0	7	0	73	0	7	665	0	0	0	13	0	0	0	3	0	0	1	9	0	0	0	0
nFOMC20060808meeting.csv_MR.	0	0	0	21	0	0	1	0	1500	0	49	1	0	1	3	1	2	61	13	0	46	10	0	1	8
nFOMC20060808meeting.csv_MR.	3	0	0	0	0	0	0	1	702	0	3	0	0	0	0	0	0	2	0	0	1	2	0	0	173
nFOMC20060808meeting.csv_MR.	0	0	0	30	2	1	0	2	771	0	14	0	5	0	0	0	7	10	0	2	4	4	0	41	0
nFOMC20060808meeting.csv_MR.	0	0	2	32	0	23	0	3	1218	0	39	0	6	0	11	0	0	0	77	0	0	0	0	0	2
nFOMC20060808meeting.csv_MR.	0	0	0	0	0	6	1	62	639	0	0	1	11	2	0	1	0	0	0	0	12	0	0	0	8
nFOMC20060808meeting.csv_MR.	0	0	1	5	0	7	0	6	341	0	20	0	0	0	0	0	8	0	1	0	6	0	0	3	2
nFOMC20060808meeting.csv_MR.	0	13	0	17	1	1	139	7	806	0	0	1	0	0	5	0	0	10	0	0	6	14	0	5	0
nFOMC20060808meeting.csv_MR.	0	0	0	5	0	0	2	0	1039	2	0	0	1	5	0	11	0	43	0	4	16	229	0	0	2
nFOMC20060808meeting.csv_MS.	0	1	0	1	4	0	18	2	424	1	15	0	19	0	1	0	0	0	0	4	3	0	1	17	0
nFOMC20060808meeting.csv_MS.	0	0	0	0	0	0	0	0	1	0	0	0	0	0	0	0	1	1	0	0	0	0	1	0	0
nFOMC20060808meeting.csv_MS.	0	12	0	0	37	0	0	1	634	3	0	0	0	0	0	194	0	0	0	10	0	0	0	0	0
nFOMC20060808meeting.csv_MS.	0	0	0	38	0	0	1	14	1046	0	7	0	1	0	0	0	8	0	64	0	2	4	2	2	0
nFOMC20060808meeting.csv_MS.	2	0	0	24	1	0	0	3	535	0	31	0	2	0	1	0	2	0	4	0	4	0	1	31	0
nFOMC20060808meeting.csv_MS.	0	0	0	0	0	0	0	0	34	0	0	0	0	0	0	0	0	0	0	0	0	0	44	0	0
nFOMC20060808meeting.csv_MS.	0	0	1	67	7	0	0	1	1157	0	63	0	0	0	9	0	4	43	7	0	16	15	1	0	0
nFOMC20060808meeting.csv_VICE	0	0	0	0	0	1	2	0	921	0	0	1	4	0	0	0	261	10	0	0	0	9	0	0	0
nFOMC20060510meeting.csv_CHAIRMAN	0	1	4	4	0	7	0	0	927	0	7	3	12	1	0	0	0	1	4	0	0	2	192	3	7
nFOMC20060510meeting.csv_MR.	4	0	0	0	12	0	1	24	558	10	0	3	4	194	7	15	0	12	1	0	0	0	5	1	2
nFOMC20060510meeting.csv_MR.	0	0	1	1	5	3	0	5	488	0	0	0	0	13	0	0	1	8	39	81	7	0	0	0	0
nFOMC20060510meeting.csv_MR.	0	1	0	0	0	0	3	0	18	1	0	11	0	0	0	0	0	0	0	0	0	0	0	0	0
nFOMC20060510meeting.csv_MR.	1	3	0	0	0	10	0	0	318	0	0	1	2	6	1	0	0	0	22	0	0	0	0	0	0
nFOMC20060510meeting.csv_MR.	0	0	4	0	14	0	0	2	577	0	19	0	6	0	2	0	0	41	0	1	1	1	11	0	0
nFOMC20060510meeting.csv_MR.	0	285	0	2	24	0	4	0	631	0	0	26	0	0	0	1	0	0	0	1	9	4	0	0	0
nFOMC20060510meeting.csv_MR.	0	0	4	0	0	58	11	0	413	1	0	0	0	0	0	0	0	15	0	0	1	0	2	2	3
nFOMC20060510meeting.csv_MR.	0	5	0	0	0	2	4	0	634	0	6	17	0	0	0	2	0	0	14	7	29	0	1	2	0
nFOMC20060510meeting.csv_MR.	0	0	0	0	0	0	0	7	551	0	21	0	0	0	0	0	1	3	12	1	0	0	1	37	0
nFOMC20060510meeting.csv_MR.	0	0	61	0	0	0	34	6	264	0	1	0	0	0	0	0	0	1	0	3	0	2	5	6	0
nFOMC20060510meeting.csv_MR.	0	0	4	2	4	0	14	137	763	0	0	0	36	0	1	0	0	7	6	10	0	0	7	2	6
nFOMC20060510meeting.csv_MR.	2	0	0	0	0	0	0	1	672	0	0	6	1	0	4	0	0	2	0	0	12	0	5	1	123
nFOMC20060510meeting.csv_MR.	5	2	0	0	0	7	3	2	246	2	0	1	0	3	0	0	0	1	13	1	6	0	2	0	0
nFOMC20060510meeting.csv_MR.	1	0	4	2	0	0	0	6	1278	0	2	0	0	0	0	35	7	34	1	12	8	111	0	6	0
nFOMC20060510meeting.csv_MR.	0	0	0	0	0	0	0	0	509	0	0	0	0	1	1	0	0	3	65	0	2	0	0	6	0
nFOMC20060510meeting.csv_MR.	2	0	0	0	0	0	128	3	453	0	2	0	9	0	4	5	6	0	0	2	15	1	3	0	2
nFOMC20060510meeting.csv_MR.	0	0	0	0	0	2	4	0	7	1	0	0	0	0	0	0	0	0	0	0	0	0	0	0	1
nFOMC20060510meeting.csv_MS.	5	0	8	0	0	5	4	1	420	62	0	7	1	2	6	0	0	0	1	6	1	1	0	0	0
nFOMC20060510meeting.csv_MS.	0	0	0	0	0	0	0	0	39	1	0	0	0	0	0	0	0	0	0	0	0	0	53	0	0
nFOMC20060510meeting.csv_MS.	0	8	3	3	84	0	1	1	629	0	0	0	0	0	0	278	0	0	0	0	0	4	0	2	1
nFOMC20060510meeting.csv_MS.	0	4	1	0	0	3	5	0	516	0	0	2	0	0	2	0	6	14	37	2	0	4	0	0	3
nFOMC20060510meeting.csv_MS.	2	0	0	0	0	0	0	0	453	0	0	0	0	0	0	2	0	19	0	0	0	3	0	15	0
nFOMC20060510meeting.csv_MS.	0	18	0	0	1	0	0	0	600	0	4	0	0	0	0	15	0	13	0	0	5	0	0	0	0
nFOMC20060510meeting.csv_VICE	1	0	2	0	12	0	0	0	604	0	0	0	0	0	0	0	91	7	1	0	4	0	0	1	2
nFOMC20070918meeting.csv_CHAIRMAN	89	2	20	0	0	12	6	0	1217	0	0	155	23	0	17	0	0	1	0	0	13	0	274	1	0
nFOMC20070918meeting.csv_MR.	15	1	0	54	0	0	7	0	221	0	49	85	0	0	0	0	2	0	0	0	0	0	0	6	1
nFOMC20070918meeting.csv_MR.	133	88	0	0	2	0	5	0	1189	273	0	218	7	1	1	0	1	0	0	0	0	0	0	0	0
nFOMC20070918meeting.csv_MR.	38	0	2	0	0	0	0	0	600	0	6	4	0	0	1	0	2	0	2	0	2	9	0	27	0
nFOMC20070918meeting.csv_MR.	51	12	0	0	0	14	4	26	845	1	0	82	38	268	6	10	0	0	0	8	16	0	27	11	1
nFOMC20070918meeting.csv_MR.	0	1	0	0	0	0	0	0	244	2	0	21	17	0	0	0	8	0	12	0	4	0	0	0	1
nFOMC20070918meeting.csv_MR.	185	0	1	9	0	21	8	0	768	1	4	72	18	1	0	0	12	3	0	3	10	1	0	0	0
nFOMC20070918meeting.csv_MR.	91	1	9	0	5	195	0	0	763	0	2	61	36	0	0	0	0	0	0	1	0	0	0	0	0
nFOMC20070918meeting.csv_MR.	97	1	8	0	0	34	1	6	922	33	0	118	0	0	0	0	0	0	4	0	23	0	2	29	0
nFOMC20070918meeting.csv_MR.	64	0	2	4	2	0	18	10	466	13	8	52	0	0	0	3	0	0	21	7	0	1	0	22	0
nFOMC20070918meeting.csv_MR.	72	0	0	35	0	0	0	0	1168	0	1	108	0	0	0	7	0	0	0	0	1	3	1	1	75
nFOMC20070918meeting.csv_MR.	55	0	0	9	0	18	2	0	537	0	0	5	215	0	0	0	0	0	0	0	1	0	2	0	0
nFOMC20070918meeting.csv_MR.	68	0	0	17	0	28	2	0	1479	6	28	24	0	0	0	1	2	0	67	2	7	29	4	0	0
nFOMC20070918meeting.csv_MR.	14	1	0	0	11	12	0	48	343	3	15	19	23	5	0	0	0	0	0	7	1	0	0	7	0
nFOMC20070918meeting.csv_MR.	93	12	1	0	1	1	0	0	530	3	1	127	26	0	0	0	5	0	0	0	0	0	0	0	1
nFOMC20070918meeting.csv_MR.	14	0	0	0	0	0	0	0	414	0	0	0	0	1	0	0	0	5	0	2	6	3	6	26	0
nFOMC20070918meeting.csv_MR.	34	0	0	1	0	7	0	2	1104	8	0	0	8	0	0	0	0	1	0	0	0	296	1	0	0
nFOMC20070918meeting.csv_MR.	112	5	0	0	0	0	180	2	639	0	0	20	0	2	6	0	16	0	0	0	0	0	0	0	3
nFOMC20070918meeting.csv_MS.	0	0	0	0	0	0	0	0	32	0	0	0	0	0	0	0	0	0	0	0	0	0	36	0	0
nFOMC20070918meeting.csv_MS.	30	0	10	0	144	0	0	0	931	0	0	140	0	0	1	148	0	0	0	4	0	0	0	0	0
nFOMC20070918meeting.csv_MS.	0	2	1	8	0	0	0	0	223	0	1	234	0	0	0	0	0	0	10	0	9	0	0	0	2
nFOMC20070918meeting.csv_MS.	15	1	0	0	0	0	0	0	466	1	4	4	0	0	0	1	0	0	0	0	0	0	0	57	0
nFOMC20070918meeting.csv_MS.	93	4	0	0	1	4	0	9	840	29	2	42	0	0	1	1	1	1	0	1	6	6	6	6	0
nFOMC20070918meeting.csv_VICE	71	2	4	6	0	26	1	0	590	0	0	105	51	0	0	0	221	0	0	1	1	3	5	0	0
nFOMC20051213meeting.csv_CHAIRMAN	0	0	135	0	56	0	13	10	951	7	0	0	3	0	20	11	0	4	0	0	9	0	103	6	2
nFOMC20051213meeting.csv_MR.	0	1	2	1	0	0	28	0	467	0	1	0	0	0	4	0	0	0	2	3	0	1	0	0	2
nFOMC20051213meeting.csv_MR.	0	8	10	0	13	0	9	4	348	0	3	0	0	135	2	0	0	8	0	25	1	0	10	0	0
nFOMC20051213meeting.csv_MR.	0	0	1	0	1	0	0	5	295	0	0	0	0	0	0	2	1	16	18	19	8	0	0	9	0
nFOMC20051213meeting.csv_MR.	0	0	0	0	0	0	0	0	163	0	0	0	0	0	0	0	0	6	11	1	0	0	0	4	0
nFOMC20051213meeting.csv_MR.	0	7	3	0	9	2	0	0	536	0	0	0	0	1	2	0	0	17	0	3	4	3	0	0	0
nFOMC20051213meeting.csv_MR.	6	237	0	0	29	2	9	0	482	13	0	0	4	0	0	7	0	0	0	0	1	1	0	0	0
nFOMC20051213meeting.csv_MR.	0	0	0	1	0	1	0	0	452	0	4	2	0	0	2	0	1	11	33	9	10	0	0	0	0
nFOMC20051213meeting.csv_MR.	0	8	7	3	0	0	0	3	539	0	0	0	1	0	0	1	0	15	0	0	11	4	9	0	67
nFOMC20051213meeting.csv_MR.	1	8	0	0	1	5	2	0	420	1	4	1	0	3	0	1	5	6	0	0	0	2	0	104	0
nFOMC20051213meeting.csv_MR.	0	0	3	3	0	0	0	0	150	0	0	1	0	0	0	0	0	0	1	0	0	0	7	3	5
nFOMC20051213meeting.csv_MR.	2	0	0	0	4	4	14	88	330	0	2	0	0	8	2	3	1	4	0	4	0	0	0	0	0
nFOMC20051213meeting.csv_MR.	0	0	0	0	0	0	0	0	393	0	0	3	0	0	1	2	0	1	37	4	0	0	0	0	0
nFOMC20051213meeting.csv_MR.	0	0	0	1	1	0	0	7	182	1	0	0	1	0	0	1	0	3	12	5	0	3	2	0	6
nFOMC20051213meeting.csv_MR.	1	3	0	1	0	0	2	7	1057	1	0	4	0	0	4	0	0	39	0	20	0	189	0	0	0
nFOMC20051213meeting.csv_MS.	7	0	3	1	14	0	28	13	469	0	10	0	21	3	0	0	1	0	4	0	0	1	0	3	0
nFOMC20051213meeting.csv_MS.	0	0	0	0	0	0	0	0	37	1	1	0	0	0	0	0	0	0	0	0	0	0	46	0	0
nFOMC20051213meeting.csv_MS.	4	1	0	0	135	4	0	0	535	11	0	3	2	2	6	70	0	0	1	2	8	0	0	0	0
nFOMC20051213meeting.csv_MS.	0	0	0	1	3	0	9	0	525	0	0	2	0	0	1	0	0	48	71	13	0	0	0	2	0
nFOMC20051213meeting.csv_MS.	1	0	0	1	0	0	0	17	298	0	0	0	0	0	0	0	2	26	19	0	0	0	0	48	0
nFOMC20051213meeting.csv_MS.	2	0	0	0	1	6	0	0	554	0	0	0	0	0	0	0	0	55	0	11	1	8	0	0	2
nFOMC20051213meeting.csv_VICE	1	0	2	0	0	2	7	0	336	0	1	0	0	1	0	0	56	0	0	0	0	0	0	0	0
nFOMC20060328meeting.csv_CHAIRMAN	0	4	1	0	0	0	0	8	1254	1	11	0	0	0	2	0	2	15	3	5	0	0	267	7	0
nFOMC20060328meeting.csv_MR.	0	5	29	0	58	1	16	31	598	4	1	15	10	291	5	9	0	3	5	14	1	0	0	11	2
nFOMC20060328meeting.csv_MR.	0	0	1	0	0	0	4	0	621	0	0	3	0	9	0	0	8	0	8	20	23	0	0	22	1
nFOMC20060328meeting.csv_MR.	1	1	0	0	0	0	0	0	376	0	0	0	0	5	0	0	3	0	41	0	0	0	0	5	0
nFOMC20060328meeting.csv_MR.	8	8	3	4	4	1	1	0	919	1	2	0	0	2	1	0	0	25	0	0	3	14	1	0	0
nFOMC20060328meeting.csv_MR.	4	318	0	0	22	0	4	0	714	9	0	53	8	0	9	4	0	0	0	1	8	0	2	0	0
nFOMC20060328meeting.csv_MR.	0	0	0	8	15	76	0	0	535	0	0	0	1	1	2	2	0	0	0	0	1	1	0	2	0
nFOMC20060328meeting.csv_MR.	0	0	1	0	0	22	0	0	745	7	19	3	2	0	1	0	0	23	19	10	18	2	0	4	0
nFOMC20060328meeting.csv_MR.	0	1	0	13	4	7	0	1	729	0	0	0	0	6	0	0	0	0	1	1	11	0	3	56	0
nFOMC20060328meeting.csv_MR.	15	1	1	0	0	0	23	10	343	24	0	0	0	2	4	0	0	0	0	6	4	0	0	6	0
nFOMC20060328meeting.csv_MR.	0	3	21	1	0	1	0	132	650	0	0	23	5	29	0	10	0	0	2	14	8	0	0	2	0
nFOMC20060328meeting.csv_MR.	1	4	0	0	7	0	1	0	867	0	1	1	0	0	0	2	13	4	0	0	0	4	1	0	184
nFOMC20060328meeting.csv_MR.	0	0	0	0	0	0	0	0	435	0	2	0	8	0	0	1	0	0	11	1	3	1	6	1	0
nFOMC20060328meeting.csv_MR.	0	0	0	2	0	0	0	3	1443	0	9	0	0	0	2	20	1	1	1	0	0	273	0	0	0
nFOMC20060328meeting.csv_MR.	0	1	0	0	0	0	1	4	455	0	2	0	0	0	1	0	0	0	50	0	0	0	1	0	0
nFOMC20060328meeting.csv_MR.	0	9	0	0	0	0	266	0	599	0	0	0	6	5	1	0	0	6	0	0	0	0	20	15	8
nFOMC20060328meeting.csv_MS.	1	6	0	0	0	0	63	0	512	17	0	1	3	6	0	0	0	1	9	0	0	16	3	0	0
nFOMC20060328meeting.csv_MS.	1	0	0	7	1	0	0	0	145	0	3	2	0	0	0	0	0	0	0	0	0	0	90	1	5
nFOMC20060328meeting.csv_MS.	0	1	0	0	51	2	0	4	772	8	2	0	0	0	8	315	0	0	1	5	7	1	0	0	0
nFOMC20060328meeting.csv_MS.	4	1	2	0	4	0	0	0	910	0	0	1	0	17	0	0	0	0	91	0	0	0	7	1	0
nFOMC20060328meeting.csv_MS.	2	0	0	0	1	2	1	0	577	0	1	3	0	5	0	0	0	0	6	1	0	0	0	24	0
nFOMC20060328meeting.csv_MS.	3	3	3	0	0	6	1	8	1242	2	2	0	0	0	3	16	0	30	7	1	0	47	0	0	1
nFOMC20060328meeting.csv_PRESIDENT	0	0	0	0	0	0	0	0	0	0	0	0	1	2	0	0	0	0	0	0	0	0	0	0	0
nFOMC20060328meeting.csv_VICE	0	8	0	1	2	0	3	0	948	0	0	0	0	0	0	2	124	8	0	1	0	0	2	1	3
nFOMC20060629meeting.csv_CHAIRMAN	3	0	3	21	2	9	0	0	1089	0	0	2	0	0	0	0	27	0	0	0	0	2	210	3	8
nFOMC20060629meeting.csv_MR.	6	0	6	13	14	0	9	31	578	0	0	6	0	242	1	0	0	0	0	0	0	7	34	19	5
nFOMC20060629meeting.csv_MR.	0	0	0	4	5	6	0	0	740	0	5	0	0	0	11	0	15	1	17	79	6	0	0	3	0
nFOMC20060629meeting.csv_MR.	7	0	0	0	1	0	0	0	441	5	0	0	0	0	0	0	0	3	17	1	0	1	0	0	0
nFOMC20060629meeting.csv_MR.	0	10	2	0	128	0	0	1	1066	0	0	0	0	0	0	199	2	0	1	0	2	0	0	0	96
nFOMC20060629meeting.csv_MR.	0	0	0	1	1	0	1	0	839	3	15	1	0	1	1	2	1	13	0	0	3	0	13	0	3
nFOMC20060629meeting.csv_MR.	20	317	1	3	49	5	0	6	639	4	0	14	3	0	0	0	4	1	2	0	0	0	0	2	0
nFOMC20060629meeting.csv_MR.	0	0	0	2	7	95	2	2	566	0	12	1	4	5	0	1	1	0	0	1	0	0	4	0	2
nFOMC20060629meeting.csv_MR.	0	0	0	3	0	0	1	0	1106	1	39	0	3	0	0	0	1	5	11	7	59	25	7	0	0
nFOMC20060629meeting.csv_MR.	0	0	0	0	0	0	0	0	0	0	0	0	0	0	0	0	0	0	0	0	0	0	0	0	1
nFOMC20060629meeting.csv_MR.	0	0	0	1	0	0	0	7	741	0	9	0	0	0	0	3	0	1	2	0	0	21	0	62	8
nFOMC20060629meeting.csv_MR.	0	0	0	0	0	1	0	159	818	0	0	7	1	2	0	8	1	24	0	0	0	1	0	0	2
nFOMC20060629meeting.csv_MR.	0	1	0	17	0	1	7	1	563	1	12	0	1	0	0	1	2	1	0	0	0	5	2	1	129
nFOMC20060629meeting.csv_MR.	0	6	0	0	0	2	1	0	795	52	0	1	0	0	18	16	0	4	6	0	0	125	0	0	118
nFOMC20060629meeting.csv_MR.	0	0	0	0	0	2	0	0	305	0	0	1	0	1	0	0	0	0	0	0	4	1	0	23	2
nFOMC20060629meeting.csv_MR.	2	0	3	1	0	0	3	0	449	0	0	0	2	0	0	1	0	0	0	0	13	64	0	2	4
nFOMC20060629meeting.csv_MR.	0	0	0	0	0	0	0	0	413	0	0	0	0	0	1	0	6	0	46	0	0	6	0	0	1
nFOMC20060629meeting.csv_MR.	1	2	0	0	0	0	197	2	697	0	0	0	0	0	5	0	16	0	0	2	0	0	0	0	0
nFOMC20060629meeting.csv_MR.	0	0	0	0	0	0	3	1	845	0	1	0	0	1	63	0	0	92	0	0	0	93	0	0	134
nFOMC20060629meeting.csv_MS.	5	0	0	0	3	3	5	0	483	9	0	0	0	10	0	5	0	0	1	0	8	14	0	15	0
nFOMC20060629meeting.csv_MS.	0	1	0	4	0	1	0	5	268	4	22	14	2	0	0	1	0	0	0	0	0	0	85	0	0
nFOMC20060629meeting.csv_MS.	0	0	0	0	54	8	1	0	219	0	0	0	34	0	0	25	0	3	0	0	9	7	6	0	0
nFOMC20060629meeting.csv_MS.	0	1	0	0	0	6	22	0	941	5	14	1	1	0	0	0	0	6	83	0	15	0	10	0	1
nFOMC20060629meeting.csv_MS.	1	0	1	0	0	0	0	0	372	0	6	0	3	0	0	0	0	0	0	0	0	0	11	19	0
nFOMC20060629meeting.csv_MS.	0	0	0	0	0	0	0	0	0	0	0	0	0	1	0	0	0	0	0	0	0	0	1	0	0
nFOMC20060629meeting.csv_MS.	0	0	0	0	11	1	0	2	713	0	7	0	0	7	9	9	0	7	1	0	0	0	2	0	0
nFOMC20060629meeting.csv_VICE	0	2	1	0	0	0	0	0	667	2	5	0	0	0	0	1	159	0	1	2	0	0	0	0	0
nFOMC20050202meeting.csv_CHAIRMAN	0	0	293	6	10	0	0	1	1368	0	61	12	48	0	4	3	0	2	0	2	8	6	187	0	0
nFOMC20050202meeting.csv_ICE	0	0	0	3	0	0	1	0	521	0	44	0	0	0	0	0	253	0	1	0	0	0	0	0	1
nFOMC20050202meeting.csv_MR.	0	0	2	0	4	0	0	0	561	0	39	0	2	0	0	0	4	30	0	0	0	0	0	3	2
nFOMC20050202meeting.csv_MR.	0	0	11	42	0	0	2	1	727	0	171	1	0	0	0	0	0	0	0	0	15	3	0	0	109
nFOMC20050202meeting.csv_MR.	0	0	50	4	13	0	0	0	796	0	97	0	24	0	1	34	6	8	0	0	19	10	14	0	1
nFOMC20050202meeting.csv_MR.	0	0	14	23	28	7	1	5	471	1	47	0	0	3	8	12	0	0	2	3	2	0	0	0	0
nFOMC20050202meeting.csv_MR.	0	0	0	0	2	0	2	14	345	0	35	0	0	11	0	0	5	0	29	4	0	0	4	4	0
nFOMC20050202meeting.csv_MR.	0	0	0	0	0	3	1	1	398	0	35	0	0	0	0	0	0	0	35	0	0	2	0	0	0
nFOMC20050202meeting.csv_MR.	1	0	8	0	16	0	0	0	872	1	102	0	0	9	0	35	0	25	0	0	3	0	0	0	0
nFOMC20050202meeting.csv_MR.	0	303	2	1	1	0	0	1	404	5	0	31	0	0	2	11	0	1	1	3	0	0	4	1	2
nFOMC20050202meeting.csv_MR.	0	0	0	0	0	0	0	1	500	0	73	2	0	0	0	0	3	1	3	0	5	0	0	14	0
nFOMC20050202meeting.csv_MR.	0	2	0	1	10	0	0	0	483	0	58	1	40	5	0	0	0	0	6	0	0	0	5	36	8
nFOMC20050202meeting.csv_MR.	1	1	32	0	0	4	9	0	401	14	57	0	6	4	0	0	8	12	0	13	0	0	0	3	0
nFOMC20050202meeting.csv_MR.	0	3	5	8	11	1	11	35	493	0	29	0	0	0	0	0	9	0	0	0	0	1	0	1	0
nFOMC20050202meeting.csv_MR.	17	1	0	33	0	0	0	1	869	0	18	1	0	0	0	0	36	14	0	0	30	0	1	0	107
nFOMC20050202meeting.csv_MR.	0	0	4	1	4	0	1	2	700	0	75	0	2	0	0	1	5	2	54	0	0	0	0	0	0
nFOMC20050202meeting.csv_MR.	2	0	3	0	0	0	0	1	969	16	0	0	0	0	0	59	0	14	1	0	0	188	0	0	113
nFOMC20050202meeting.csv_MR.	0	0	1	3	0	2	0	3	164	0	10	3	7	0	0	0	0	0	13	2	5	0	0	11	0
nFOMC20050202meeting.csv_MR.	0	1	0	4	0	0	0	0	40	0	0	0	0	0	0	1	0	0	0	0	0	1	0	0	2
nFOMC20050202meeting.csv_MR.	0	0	3	5	1	0	1	0	339	0	172	3	0	0	9	0	0	0	1	1	13	1	1	0	19
nFOMC20050202meeting.csv_MS.	15	0	0	0	0	7	40	1	546	24	44	3	27	0	0	0	3	0	0	0	4	0	0	8	1
nFOMC20050202meeting.csv_MS.	0	0	0	0	0	0	0	0	46	0	2	0	0	0	0	0	0	1	0	0	0	0	46	0	0
nFOMC20050202meeting.csv_MS.	0	7	2	1	0	1	0	0	349	0	0	0	0	19	0	0	0	0	9	4	0	0	1	17	1
nFOMC20050202meeting.csv_MS.	0	21	3	0	82	1	0	0	827	0	2	0	8	1	0	315	10	1	1	0	7	8	0	0	46
nFOMC20050202meeting.csv_MS.	3	0	0	0	18	2	12	0	743	0	76	0	34	0	4	11	0	1	53	11	32	0	0	0	0
nFOMC20050202meeting.csv_MS.	1	0	0	11	0	1	0	0	394	0	61	0	0	2	0	0	8	1	7	0	0	0	0	14	0
nFOMC20050202meeting.csv_MS.	3	0	0	14	1	0	3	0	748	0	137	0	0	2	3	0	0	34	13	11	3	10	2	21	0
nFOMC20050202meeting.csv_VICE	1	0	0	2	0	0	0	0	506	0	49	0	0	2	1	0	253	1	0	0	0	0	0	0	0
nFOMC20070628meeting.csv_CHAIRMAN	3	0	0	173	0	60	5	3	1718	3	55	1	45	1	0	4	0	15	3	0	0	2	346	1	1
nFOMC20070628meeting.csv_GOVERNOR	0	0	0	0	0	1	0	0	4	0	0	0	0	0	0	0	0	0	0	0	0	0	1	0	0
nFOMC20070628meeting.csv_MR.	9	221	0	0	0	0	0	0	825	205	0	0	0	0	0	0	0	0	0	0	0	0	0	0	0
nFOMC20070628meeting.csv_MR.	0	0	36	52	57	18	16	8	757	5	0	0	35	214	0	1	0	8	0	0	0	1	35	18	3
nFOMC20070628meeting.csv_MR.	3	0	4	32	1	3	0	1	613	13	4	0	0	1	9	4	1	0	27	0	2	2	0	6	0
nFOMC20070628meeting.csv_MR.	1	0	10	170	3	34	2	2	1303	0	30	2	15	0	0	0	9	8	1	1	0	0	17	0	5
nFOMC20070628meeting.csv_MR.	2	0	0	30	0	250	1	0	864	46	6	0	13	1	9	0	0	0	0	0	0	0	11	0	0
nFOMC20070628meeting.csv_MR.	1	0	4	46	0	0	3	7	976	0	52	0	31	0	0	3	0	2	11	0	22	0	27	4	6
nFOMC20070628meeting.csv_MR.	0	8	0	0	88	1	0	0	832	0	0	0	0	0	0	171	0	0	0	11	0	9	0	0	92
nFOMC20070628meeting.csv_MR.	18	0	0	26	0	32	1	11	503	17	18	0	0	10	7	0	6	0	19	2	0	0	0	1	0
nFOMC20070628meeting.csv_MR.	1	0	8	62	4	3	0	0	897	0	26	0	359	1	1	0	0	0	0	0	6	0	16	2	0
nFOMC20070628meeting.csv_MR.	0	0	0	47	0	0	1	9	713	0	4	0	3	0	0	0	0	0	3	0	1	2	0	59	2
nFOMC20070628meeting.csv_MR.	0	0	0	95	0	29	2	27	1495	0	21	5	33	28	0	0	30	1	36	0	18	4	5	0	1
nFOMC20070628meeting.csv_MR.	0	2	2	37	1	7	0	76	571	11	0	2	26	0	7	2	0	0	0	0	0	8	0	0	0
nFOMC20070628meeting.csv_MR.	5	0	0	352	0	5	3	0	1945	11	17	0	0	0	3	1	0	0	0	0	32	0	0	0	311
nFOMC20070628meeting.csv_MR.	0	0	0	33	0	4	0	0	512	0	0	0	0	0	0	0	0	1	3	0	0	0	2	4	0
nFOMC20070628meeting.csv_MR.	0	0	0	0	0	0	0	1	31	0	0	0	0	1	0	5	0	0	0	0	0	5	0	0	0
nFOMC20070628meeting.csv_MR.	60	22	0	35	0	40	140	2	563	11	0	9	5	0	0	0	5	0	0	1	2	4	0	4	1
nFOMC20070628meeting.csv_MR.	0	3	5	0	0	0	0	0	872	0	0	0	0	1	17	4	0	0	0	2	1	101	0	0	133
nFOMC20070628meeting.csv_MS.	0	0	1	0	0	0	3	0	23	0	0	1	0	0	0	8	1	0	0	0	0	0	0	1	2
nFOMC20070628meeting.csv_MS.	18	38	0	0	0	0	1	0	611	226	0	0	1	0	12	0	0	2	0	0	0	24	0	8	92
nFOMC20070628meeting.csv_MS.	0	15	0	113	1	53	14	8	1239	0	4	7	35	0	0	1	0	0	73	2	0	0	7	19	7
nFOMC20070628meeting.csv_MS.	0	0	5	50	0	0	0	0	574	2	17	0	0	6	1	0	2	0	1	0	0	0	22	18	4
nFOMC20070628meeting.csv_MS.	0	0	0	0	0	0	0	0	42	0	0	0	0	0	0	0	1	0	0	0	0	0	39	0	0
nFOMC20070628meeting.csv_MS.	5	1	0	77	3	13	0	0	906	18	10	0	14	0	11	0	10	12	2	0	0	0	5	0	0
nFOMC20070628meeting.csv_VICE	18	0	0	134	4	31	4	0	1071	9	0	0	37	0	0	0	297	0	0	1	13	0	14	0	0
nFOMC20070131meeting.csv_CHAIRMAN	1	3	18	97	3	55	4	0	1989	1	21	3	12	0	0	2	4	0	0	0	6	7	346	10	2
nFOMC20070131meeting.csv_MR.	0	0	0	0	0	0	2	0	0	0	0	0	0	0	0	0	0	0	0	0	0	0	1	0	0
nFOMC20070131meeting.csv_MR.	0	0	0	77	5	3	2	0	654	0	10	5	0	4	0	0	0	2	57	0	0	14	1	1	2
nFOMC20070131meeting.csv_MR.	2	1	0	139	22	1	0	0	228	0	9	18	6	0	0	0	1	1	0	0	0	0	0	0	29
nFOMC20070131meeting.csv_MR.	12	42	0	1	15	0	0	0	589	169	0	0	0	1	0	44	0	1	0	0	2	0	0	1	0
nFOMC20070131meeting.csv_MR.	3	0	0	27	36	0	16	31	858	6	16	9	42	314	9	4	0	12	0	5	38	0	32	22	1
nFOMC20070131meeting.csv_MR.	0	26	0	0	92	1	0	0	798	8	0	0	1	1	5	227	0	0	0	2	1	1	0	0	79
nFOMC20070131meeting.csv_MR.	0	0	0	125	2	0	0	0	615	0	18	0	1	5	0	0	2	0	41	0	2	0	0	8	0
nFOMC20070131meeting.csv_MR.	0	0	2	156	1	0	0	3	1417	0	27	1	26	1	0	5	0	9	0	0	1	0	28	0	0
nFOMC20070131meeting.csv_MR.	0	2	8	42	1	120	0	1	614	0	3	0	11	0	0	0	10	0	2	2	0	5	1	1	0
nFOMC20070131meeting.csv_MR.	7	0	21	102	0	5	0	0	1111	1	86	1	0	4	3	0	0	0	18	4	34	25	2	2	0
nFOMC20070131meeting.csv_MR.	0	0	0	180	1	3	0	0	795	0	18	1	217	5	0	0	0	1	0	0	0	0	4	4	0
nFOMC20070131meeting.csv_MR.	0	0	1	103	0	11	0	0	889	0	17	1	2	0	0	0	0	4	1	0	5	0	2	69	0
nFOMC20070131meeting.csv_MR.	0	0	1	85	2	1	0	9	1043	0	1	4	11	2	2	0	1	0	49	0	0	1	3	0	0
nFOMC20070131meeting.csv_MR.	1	1	26	6	2	0	4	103	635	3	0	0	10	4	0	1	0	0	3	0	9	0	3	0	0
nFOMC20070131meeting.csv_MR.	0	0	0	247	0	0	0	0	359	3	33	21	1	0	0	0	3	0	0	0	0	0	0	0	30
nFOMC20070131meeting.csv_MR.	0	9	0	114	1	0	0	5	845	1	25	0	0	0	0	0	6	0	0	1	2	0	3	6	169
nFOMC20070131meeting.csv_MR.	0	2	0	3	0	0	0	2	831	0	1	0	0	1	5	0	0	0	0	0	0	150	0	0	94
nFOMC20070131meeting.csv_MR.	0	0	0	49	0	0	1	0	422	0	1	0	3	0	1	0	2	3	11	0	1	1	12	12	0
nFOMC20070131meeting.csv_MR.	0	0	14	0	2	0	0	0	810	0	0	0	1	0	0	12	1	0	1	0	0	120	4	0	0
nFOMC20070131meeting.csv_MR.	3	0	0	54	2	1	143	0	926	3	0	0	7	0	0	0	6	1	0	0	9	32	0	10	2
nFOMC20070131meeting.csv_MR.	0	10	0	1	0	1	0	0	671	0	0	0	0	0	0	0	0	2	0	0	3	166	0	0	101
nFOMC20070131meeting.csv_MS.	0	0	0	49	0	22	0	8	648	85	19	0	39	25	1	0	0	0	1	0	10	6	4	0	3
nFOMC20070131meeting.csv_MS.	0	0	2	0	0	0	0	2	83	0	0	3	0	0	0	0	0	0	0	0	0	0	73	0	0
nFOMC20070131meeting.csv_MS.	0	0	0	0	0	0	0	0	108	0	0	0	1	0	0	28	0	0	0	0	0	0	0	0	0
nFOMC20070131meeting.csv_MS.	0	0	0	170	0	12	8	3	1602	0	54	0	9	0	1	0	32	0	22	0	22	6	0	3	4
nFOMC20070131meeting.csv_MS.	0	0	1	100	0	0	0	0	666	1	17	0	1	0	0	0	0	0	16	0	0	5	15	15	1
nFOMC20070131meeting.csv_MS.	4	7	0	223	0	1	1	0	1111	0	32	1	2	0	0	0	9	5	1	1	0	26	4	0	13
nFOMC20070131meeting.csv_VICE	3	1	1	75	0	30	0	0	1097	3	3	4	8	1	0	0	253	0	0	0	6	0	1	0	7
nFOMC20071031meeting.csv_CHAIRMAN	122	0	7	46	9	55	1	0	1421	0	0	0	13	8	1	3	0	0	4	3	14	0	257	6	2
nFOMC20071031meeting.csv_MR	0	0	0	1	0	0	0	0	0	0	0	0	0	2	0	1	0	0	0	0	0	0	0	0	0
nFOMC20071031meeting.csv_MR.	50	73	0	0	0	0	0	2	691	233	0	22	2	0	0	8	1	1	0	11	0	0	0	0	15
nFOMC20071031meeting.csv_MR.	55	0	0	0	1	0	0	4	630	0	0	0	0	1	0	2	0	0	1	0	0	11	0	41	0
nFOMC20071031meeting.csv_MR.	53	7	3	7	47	20	0	23	703	17	0	6	24	200	2	0	0	0	15	34	24	13	18	0	0
nFOMC20071031meeting.csv_MR.	15	0	0	0	6	0	7	0	673	7	0	0	0	1	0	0	0	0	51	0	0	0	2	10	1
nFOMC20071031meeting.csv_MR.	53	1	0	0	0	4	0	0	687	0	0	0	0	0	5	0	0	7	0	0	3	6	6	0	5
nFOMC20071031meeting.csv_MR.	57	0	3	0	0	136	0	1	501	9	6	0	6	0	0	0	1	1	0	0	0	0	1	0	0
nFOMC20071031meeting.csv_MR.	21	0	1	2	0	0	4	4	545	0	0	8	1	3	0	4	0	0	33	0	2	7	2	6	8
nFOMC20071031meeting.csv_MR.	32	0	0	7	0	0	8	8	447	11	1	0	0	0	0	0	0	0	10	0	3	0	1	3	0
nFOMC20071031meeting.csv_MR.	26	3	0	56	1	0	2	0	1012	0	5	1	1	0	0	2	1	0	0	0	0	3	0	0	113
nFOMC20071031meeting.csv_MR.	89	2	0	10	0	0	0	0	573	0	1	0	151	0	0	0	0	3	0	1	14	1	0	0	0
nFOMC20071031meeting.csv_MR.	41	0	0	0	0	26	1	0	1132	7	2	0	0	0	0	2	19	0	63	9	13	4	0	2	0
nFOMC20071031meeting.csv_MR.	14	2	2	5	1	13	0	91	713	0	3	0	5	2	0	8	0	0	0	0	2	1	2	4	0
nFOMC20071031meeting.csv_MR.	81	2	0	7	0	0	0	0	436	18	0	0	9	2	0	2	0	1	7	0	0	0	0	0	1
nFOMC20071031meeting.csv_MR.	4	0	0	0	38	0	0	0	462	2	0	1	0	0	0	154	1	0	0	0	0	0	0	4	1
nFOMC20071031meeting.csv_MR.	5	0	0	3	0	2	0	3	345	0	0	2	0	0	0	1	0	0	9	0	13	0	5	0	8
nFOMC20071031meeting.csv_MR.	49	7	0	0	0	0	0	5	1413	11	2	0	0	1	1	27	1	0	3	0	0	319	0	3	4
nFOMC20071031meeting.csv_MR.	112	9	1	1	1	8	121	0	669	1	0	1	31	1	0	18	1	0	3	0	0	0	0	1	0
nFOMC20071031meeting.csv_MS.	1	0	1	0	0	0	1	0	30	0	0	0	3	0	0	0	0	0	0	0	0	0	29	1	0
nFOMC20071031meeting.csv_MS.	0	0	0	0	0	0	0	0	0	0	0	0	0	0	0	1	0	0	0	0	0	0	0	0	0
nFOMC20071031meeting.csv_MS.	15	0	0	0	1	2	1	0	363	3	0	0	1	0	0	0	0	0	0	2	2	0	0	44	0
nFOMC20071031meeting.csv_MS.	0	0	0	0	0	0	0	0	2	0	0	0	0	0	0	0	0	1	0	0	0	1	0	1	0
nFOMC20071031meeting.csv_MS.	58	0	6	0	1	0	0	2	841	11	6	2	0	0	0	0	0	0	0	3	0	1	0	9	4
nFOMC20071031meeting.csv_VICE	53	0	0	11	9	5	0	11	754	0	0	0	11	0	0	0	142	0	0	1	0	0	1	0	2
nFOMC20061025meeting.csv_CHAIRMAN	0	0	2	14	0	17	0	0	1493	0	40	7	6	2	0	0	0	3	2	0	10	4	266	6	1
nFOMC20061025meeting.csv_GOVERNOR	0	0	1	0	0	0	0	0	0	0	0	0	0	0	0	0	0	1	0	0	0	0	0	0	0
nFOMC20061025meeting.csv_MR.	0	0	0	0	0	0	1	1	509	0	40	0	9	0	0	0	0	1	39	2	0	8	0	9	2
nFOMC20061025meeting.csv_MR.	0	0	12	0	4	2	9	14	788	1	27	0	39	289	1	8	0	4	0	11	4	1	23	40	0
nFOMC20061025meeting.csv_MR.	0	1	0	5	0	0	0	5	851	0	77	1	0	0	0	0	0	0	41	0	0	0	2	20	2
nFOMC20061025meeting.csv_MR.	0	0	0	17	1	7	0	0	1329	0	148	0	0	0	0	0	13	8	0	1	11	4	1	5	0
nFOMC20061025meeting.csv_MR.	0	247	3	0	0	0	14	0	469	0	0	52	0	0	0	0	0	0	0	0	9	0	7	1	0
nFOMC20061025meeting.csv_MR.	0	0	0	0	2	108	0	0	812	0	54	0	1	1	0	0	0	7	0	4	0	0	2	0	1
nFOMC20061025meeting.csv_MR.	8	0	11	3	0	0	0	0	1103	3	149	0	5	0	0	0	3	0	30	0	63	0	10	0	0
nFOMC20061025meeting.csv_MR.	0	0	0	0	8	0	0	0	998	0	112	4	359	4	4	0	0	0	0	0	0	0	1	0	0
nFOMC20061025meeting.csv_MR.	0	0	0	0	2	2	0	0	982	0	69	2	9	1	0	0	5	0	7	0	3	0	0	33	0
nFOMC20061025meeting.csv_MR.	0	0	1	13	2	0	3	0	1522	0	116	0	21	2	0	0	0	0	61	3	12	4	8	0	0
nFOMC20061025meeting.csv_MR.	2	0	0	0	0	0	0	107	988	2	38	0	17	0	0	0	0	0	2	3	21	0	0	0	5
nFOMC20061025meeting.csv_MR.	0	0	0	14	0	3	1	2	782	4	20	0	0	0	0	0	2	1	0	0	0	3	0	0	176
nFOMC20061025meeting.csv_MR.	0	1	2	4	0	6	0	2	296	3	38	1	28	0	0	0	0	0	10	0	1	0	0	2	0
nFOMC20061025meeting.csv_MR.	0	0	3	0	1	0	1	0	1605	0	0	2	0	0	53	9	0	4	0	7	1	313	0	0	1
nFOMC20061025meeting.csv_MR.	0	0	2	17	0	0	169	0	940	0	30	0	43	2	0	0	1	0	0	0	9	0	2	0	0
nFOMC20061025meeting.csv_MS.	15	0	1	9	0	32	0	4	669	35	54	0	10	0	0	1	14	0	0	1	0	0	1	4	0
nFOMC20061025meeting.csv_MS.	1	0	0	0	0	0	0	0	29	0	0	0	0	0	0	0	0	0	0	0	0	0	35	0	0
nFOMC20061025meeting.csv_MS.	0	3	0	1	22	2	0	0	456	0	0	0	0	0	0	244	0	1	0	7	1	4	0	0	0
nFOMC20061025meeting.csv_MS.	0	0	5	15	8	0	21	3	1215	0	138	0	2	0	2	0	4	3	50	3	12	0	0	2	0
nFOMC20061025meeting.csv_MS.	1	0	0	13	1	0	0	3	616	0	99	0	0	6	0	0	0	0	1	0	0	0	0	11	0
nFOMC20061025meeting.csv_MS.	1	0	0	29	0	0	0	0	1229	0	146	0	0	1	3	0	0	10	0	0	0	1	0	9	18
nFOMC20061025meeting.csv_VICE	2	0	0	16	4	16	1	1	676	0	31	0	2	0	0	0	249	0	0	0	0	0	0	0	0
nFOMC20060131meeting.csv_CHAIRMAN	0	0	189	0	6	0	9	0	455	0	0	21	0	11	4	0	0	0	0	0	4	0	120	0	3
nFOMC20060131meeting.csv_MR.	0	5	42	0	21	6	0	2	488	0	0	0	0	0	6	7	0	0	0	4	0	0	21	0	0
nFOMC20060131meeting.csv_MR.	1	10	7	1	4	0	0	28	224	0	0	3	9	114	25	0	0	0	3	8	1	0	1	22	1
nFOMC20060131meeting.csv_MR.	0	3	2	0	0	0	0	3	363	0	0	2	0	0	0	0	0	4	10	84	1	2	0	15	0
nFOMC20060131meeting.csv_MR.	0	0	0	0	0	0	0	3	306	0	1	0	0	2	0	0	0	0	13	1	0	4	0	9	2
nFOMC20060131meeting.csv_MR.	0	0	8	0	0	1	0	0	431	0	0	0	0	0	1	22	4	1	0	4	0	3	1	0	3
nFOMC20060131meeting.csv_MR.	12	436	13	1	45	0	8	0	742	9	0	18	0	1	0	2	1	0	0	0	0	0	0	3	0
nFOMC20060131meeting.csv_MR.	0	0	0	0	2	0	0	0	337	0	3	1	2	0	0	0	1	0	17	12	17	16	2	0	0
nFOMC20060131meeting.csv_MR.	0	3	0	3	0	0	0	0	378	0	0	1	0	0	0	1	1	0	9	3	3	0	0	37	0
nFOMC20060131meeting.csv_MR.	0	0	0	1	0	4	0	0	146	0	0	0	0	0	0	0	0	0	0	5	0	0	4	0	0
nFOMC20060131meeting.csv_MR.	0	11	1	4	1	2	1	43	236	2	0	0	0	1	0	1	5	4	0	2	0	0	0	0	0
nFOMC20060131meeting.csv_MR.	0	4	19	7	6	0	10	5	652	0	30	9	0	0	0	0	0	0	2	0	0	0	26	0	121
nFOMC20060131meeting.csv_MR.	0	0	5	0	0	0	0	0	407	0	0	3	0	0	0	0	2	0	62	5	5	14	0	1	0
nFOMC20060131meeting.csv_MR.	0	21	0	0	12	0	2	0	572	0	0	0	0	2	1	341	4	0	0	10	1	0	1	0	71
nFOMC20060131meeting.csv_MR.	1	0	0	0	0	0	0	0	180	0	0	2	0	0	0	0	2	0	1	0	0	10	0	7	0
nFOMC20060131meeting.csv_MR.	1	0	16	0	0	0	1	0	766	0	0	1	2	0	11	42	0	0	0	8	1	139	0	0	87
nFOMC20060131meeting.csv_MR.	1	1	0	0	0	0	0	1	427	0	0	0	0	0	0	3	0	21	0	0	1	93	0	0	50
nFOMC20060131meeting.csv_MS.	5	0	0	1	0	0	0	4	263	31	1	0	3	3	0	0	0	2	2	3	6	0	0	0	0
nFOMC20060131meeting.csv_MS.	0	0	1	0	0	0	0	0	75	0	0	0	0	0	1	0	0	0	0	0	0	0	69	0	0
nFOMC20060131meeting.csv_MS.	0	1	36	0	1	0	0	0	453	0	2	0	0	0	0	23	0	0	21	0	0	1	1	1	0
nFOMC20060131meeting.csv_MS.	0	2	0	2	1	0	1	0	189	0	0	0	0	0	2	0	0	1	0	0	4	10	1	10	1
nFOMC20060131meeting.csv_MS.	0	4	4	2	0	0	0	1	353	0	4	0	0	3	0	1	0	7	0	0	3	0	0	0	12
nFOMC20060131meeting.csv_VICE	0	2	0	0	0	0	0	0	367	0	5	1	0	0	0	7	63	0	0	1	2	0	0	0	0
nFOMC20070509meeting.csv_CHAIRMAN	0	0	0	20	3	1	0	0	1239	0	0	10	0	0	0	2	0	10	0	0	12	33	194	0	0
nFOMC20070509meeting.csv_MR.	0	121	2	2	8	0	0	0	504	236	6	0	0	0	0	0	0	0	0	0	0	0	0	0	0
nFOMC20070509meeting.csv_MR.	0	8	7	0	15	10	1	11	321	3	0	0	13	132	0	8	0	0	5	1	7	0	4	7	0
nFOMC20070509meeting.csv_MR.	0	0	0	0	0	2	0	0	177	0	0	0	0	0	0	0	4	0	10	0	0	0	0	0	0
nFOMC20070509meeting.csv_MR.	0	0	5	30	2	13	1	0	1002	6	6	4	7	0	7	0	2	0	0	0	5	19	17	0	0
nFOMC20070509meeting.csv_MR.	7	0	0	6	1	119	15	2	624	0	1	1	0	0	2	0	0	0	0	1	3	0	0	1	3
nFOMC20070509meeting.csv_MR.	0	1	0	7	0	0	1	0	539	0	16	0	4	1	0	2	8	0	23	0	11	20	1	1	3
nFOMC20070509meeting.csv_MR.	0	2	0	0	0	0	0	0	213	2	0	5	1	8	3	0	0	1	50	1	0	9	0	0	4
nFOMC20070509meeting.csv_MR.	0	0	0	5	0	1	1	0	333	0	0	0	85	0	0	0	20	0	0	0	0	9	0	0	0
nFOMC20070509meeting.csv_MR.	0	0	0	0	0	0	0	0	441	0	0	1	0	0	0	0	3	4	0	0	3	9	0	29	0
nFOMC20070509meeting.csv_MR.	2	3	1	4	0	3	0	0	704	3	0	0	0	0	9	0	1	6	46	0	0	14	6	0	1
nFOMC20070509meeting.csv_MR.	11	0	0	0	0	5	24	98	445	5	0	0	6	0	0	0	0	1	0	0	0	2	1	3	2
nFOMC20070509meeting.csv_MR.	0	0	2	26	0	0	6	0	924	5	0	0	0	0	0	0	2	8	0	3	0	2	0	0	159
nFOMC20070509meeting.csv_MR.	0	0	0	2	0	0	0	0	331	0	0	0	0	1	0	0	0	6	0	0	1	9	1	2	0
nFOMC20070509meeting.csv_MR.	4	0	3	0	1	0	2	0	1301	3	0	0	0	0	8	29	0	7	9	0	0	326	0	0	5
nFOMC20070509meeting.csv_MR.	36	0	0	0	0	1	197	0	638	41	7	0	0	1	0	0	0	0	0	2	0	0	3	1	0
nFOMC20070509meeting.csv_MS.	0	0	0	0	0	0	0	0	32	0	0	0	0	0	0	0	0	0	0	0	0	0	32	0	0
nFOMC20070509meeting.csv_MS.	0	0	0	0	0	0	0	2	316	0	0	0	0	0	0	159	0	0	1	0	0	4	0	1	0
nFOMC20070509meeting.csv_MS.	1	2	6	0	3	16	0	0	913	0	0	1	0	0	7	1	0	0	33	5	6	17	15	18	0
nFOMC20070509meeting.csv_MS.	2	0	1	5	0	2	8	0	328	0	0	10	0	3	0	0	4	0	0	0	0	10	0	38	0
nFOMC20070509meeting.csv_MS.	0	1	0	0	1	1	0	0	590	1	0	0	0	2	0	0	0	29	0	0	0	16	0	2	0
nFOMC20070509meeting.csv_VICE	3	0	0	0	2	1	0	0	544	0	0	0	0	0	0	6	79	6	0	0	0	0	0	0	0
nFOMC20050920meeting.csv_CHAIRMAN	0	0	163	0	0	0	8	0	1037	1	0	4	0	10	0	29	0	29	3	188	4	0	68	2	0
nFOMC20050920meeting.csv_MR.	0	0	0	0	0	0	6	2	520	0	0	0	0	0	0	6	1	17	0	33	0	0	0	0	1
nFOMC20050920meeting.csv_MR.	0	1	0	0	7	7	28	1	404	1	0	0	12	137	3	0	0	0	2	101	0	0	0	37	0
nFOMC20050920meeting.csv_MR.	0	0	0	0	0	0	8	7	450	0	0	2	0	17	0	4	1	4	4	148	4	0	1	6	0
nFOMC20050920meeting.csv_MR.	0	1	0	1	0	1	0	0	213	0	0	0	0	2	0	0	1	0	17	38	0	0	1	9	0
nFOMC20050920meeting.csv_MR.	0	0	0	0	5	0	0	0	302	0	0	0	0	0	2	0	0	2	0	17	10	0	0	0	0
nFOMC20050920meeting.csv_MR.	0	279	16	0	8	0	0	0	508	10	1	0	0	1	0	2	5	0	0	54	0	0	1	5	5
nFOMC20050920meeting.csv_MR.	0	0	0	0	0	0	2	0	484	1	0	0	0	0	0	3	3	0	19	60	10	0	0	9	5
nFOMC20050920meeting.csv_MR.	0	0	0	0	0	0	0	13	275	0	0	0	0	0	0	0	0	11	0	29	0	0	0	29	0
nFOMC20050920meeting.csv_MR.	0	0	0	0	0	0	0	0	251	0	1	0	0	0	0	1	0	0	0	44	0	3	0	0	2
nFOMC20050920meeting.csv_MR.	0	0	0	0	1	1	1	59	312	0	0	0	14	0	0	2	0	0	0	27	0	1	0	1	1
nFOMC20050920meeting.csv_MR.	1	29	0	0	0	0	0	0	702	0	1	0	0	1	1	4	5	2	1	39	9	1	1	0	166
nFOMC20050920meeting.csv_MR.	0	1	0	1	0	0	0	1	555	0	0	0	0	1	0	5	0	0	55	71	0	0	0	0	0
nFOMC20050920meeting.csv_MR.	0	0	0	0	0	0	1	2	156	3	0	0	0	2	0	0	0	0	13	22	0	1	0	14	0
nFOMC20050920meeting.csv_MR.	0	0	0	0	5	5	0	1	438	0	0	7	1	0	0	0	0	7	0	19	2	30	0	0	3
nFOMC20050920meeting.csv_MS.	0	1	0	0	0	5	15	0	325	0	3	0	0	1	0	0	0	1	0	36	1	0	0	8	0
nFOMC20050920meeting.csv_MS.	0	0	0	0	0	0	0	0	45	1	1	0	0	0	0	0	0	0	0	0	0	0	51	0	0
nFOMC20050920meeting.csv_MS.	0	12	0	0	60	0	9	0	1383	0	1	19	0	5	24	196	10	0	4	208	14	91	3	0	0
nFOMC20050920meeting.csv_MS.	0	2	0	0	3	0	0	44	565	0	2	0	0	1	0	1	0	6	97	118	0	0	0	5	10
nFOMC20050920meeting.csv_MS.	0	0	0	2	0	1	1	0	169	0	0	0	0	0	0	1	0	5	0	25	0	0	0	13	0
nFOMC20050920meeting.csv_MS.	0	0	0	0	0	0	0	5	435	0	0	2	0	0	1	0	0	15	5	73	0	0	0	2	2
nFOMC20050920meeting.csv_VICE	0	0	4	0	0	0	0	0	301	0	0	0	0	0	0	1	51	0	0	28	0	0	0	0	0
nFOMC20050322meeting.csv_CHAIRMAN	0	0	214	0	17	2	5	0	796	0	1	15	14	0	0	3	3	19	0	0	1	2	105	0	1
nFOMC20050322meeting.csv_MR.	2	7	0	0	1	0	3	0	337	1	0	4	4	0	0	23	0	0	0	0	0	0	10	8	0
nFOMC20050322meeting.csv_MR.	0	10	28	0	0	1	0	0	513	0	0	1	2	10	1	8	0	36	2	0	1	0	9	0	0
nFOMC20050322meeting.csv_MR.	0	9	13	0	56	0	0	1	391	1	0	0	0	7	0	3	0	12	0	0	14	1	0	10	8
nFOMC20050322meeting.csv_MR.	2	0	1	0	0	2	0	0	434	9	1	0	3	0	0	4	0	15	38	11	5	0	1	0	0
nFOMC20050322meeting.csv_MR.	0	0	2	0	0	0	0	0	381	1	0	2	0	0	0	0	1	0	17	0	0	1	0	0	0
nFOMC20050322meeting.csv_MR.	7	0	0	0	0	0	3	0	644	0	3	0	0	0	0	1	0	20	0	1	3	1	0	0	5
nFOMC20050322meeting.csv_MR.	1	236	0	7	9	0	0	0	418	0	0	0	0	0	0	23	0	0	0	0	10	1	0	5	2
nFOMC20050322meeting.csv_MR.	0	2	0	9	0	0	0	0	506	0	3	1	0	3	0	9	7	1	12	0	22	0	3	11	0
nFOMC20050322meeting.csv_MR.	0	0	1	0	3	0	0	2	417	1	0	0	1	0	0	0	0	3	1	0	0	0	1	54	0
nFOMC20050322meeting.csv_MR.	1	0	0	2	0	0	2	0	39	0	0	0	0	0	0	2	0	0	0	0	0	9	0	0	0
nFOMC20050322meeting.csv_MR.	0	0	9	0	2	6	9	0	170	17	0	2	2	0	15	1	0	0	2	0	12	0	1	0	0
nFOMC20050322meeting.csv_MR.	0	0	0	6	8	0	0	57	427	0	4	3	0	0	0	0	0	3	0	4	0	3	1	0	0
nFOMC20050322meeting.csv_MR.	1	1	3	19	0	1	1	0	744	0	0	0	0	0	6	1	12	9	0	1	20	0	0	0	127
nFOMC20050322meeting.csv_MR.	0	0	0	2	0	10	0	0	427	0	5	0	0	0	1	0	0	6	35	0	1	1	6	19	0
nFOMC20050322meeting.csv_MR.	0	0	1	0	0	0	0	0	155	0	0	1	0	0	0	1	0	1	7	0	1	2	2	0	0
nFOMC20050322meeting.csv_MR.	1	1	0	1	9	5	7	0	1198	8	0	0	0	0	0	162	0	15	0	1	1	175	0	0	1
nFOMC20050322meeting.csv_MS.	1	0	0	0	0	0	0	1	233	0	2	0	0	0	0	2	0	10	0	2	4	0	0	5	1
nFOMC20050322meeting.csv_MS.	3	0	0	0	7	0	1	0	288	2	0	4	0	17	0	2	0	0	8	22	0	0	0	35	0
nFOMC20050322meeting.csv_MS.	12	0	36	0	43	0	0	0	201	0	4	0	8	0	0	0	2	1	1	0	5	3	0	0	0
nFOMC20050322meeting.csv_MS.	1	3	0	0	0	6	3	4	675	0	0	0	0	0	0	0	1	0	59	7	13	3	0	1	6
nFOMC20050322meeting.csv_MS.	4	0	1	0	0	2	4	23	290	0	5	0	0	15	0	0	0	0	0	0	4	6	0	21	0
nFOMC20050322meeting.csv_MS.	0	0	0	0	0	0	0	0	37	0	0	0	0	0	0	0	0	1	0	0	0	0	43	0	0
nFOMC20050322meeting.csv_MS.	0	0	0	9	0	0	0	1	551	0	0	1	0	1	0	0	0	21	2	0	6	0	0	0	0
nFOMC20050322meeting.csv_VICE	3	1	11	0	0	0	0	6	409	0	0	0	0	0	0	0	117	1	0	0	0	0	1	0	0
nFOMC20051101meeting.csv_CHAIRMAN	5	8	124	0	48	0	8	0	1335	2	0	0	0	2	0	15	4	2	3	54	0	68	89	0	2
nFOMC20051101meeting.csv_MR.	3	0	27	2	0	5	13	1	544	0	6	0	0	0	0	6	0	0	0	12	1	0	1	0	0
nFOMC20051101meeting.csv_MR.	0	0	15	16	11	0	0	27	347	1	0	4	2	163	3	1	0	0	0	50	5	0	0	42	0
nFOMC20051101meeting.csv_MR.	1	0	0	0	0	1	0	25	526	0	0	6	0	16	0	2	0	0	21	92	0	0	2	6	0
nFOMC20051101meeting.csv_MR.	1	0	0	0	0	0	0	0	248	0	0	0	0	2	0	0	1	1	27	12	0	0	0	10	0
nFOMC20051101meeting.csv_MR.	5	5	0	0	0	0	1	4	588	0	0	0	0	0	1	3	0	15	0	16	0	1	0	1	5
nFOMC20051101meeting.csv_MR.	5	162	17	0	39	0	0	0	462	29	1	1	0	13	0	0	0	2	0	0	0	0	0	1	0
nFOMC20051101meeting.csv_MR.	0	0	1	0	0	0	0	0	456	0	0	0	0	0	0	0	7	0	14	34	28	2	0	0	1
nFOMC20051101meeting.csv_MR.	0	0	1	4	0	0	0	8	449	0	1	1	0	1	0	0	0	2	2	11	0	2	0	50	1
nFOMC20051101meeting.csv_MR.	0	0	0	0	0	13	0	0	254	0	5	0	0	8	6	0	0	0	8	62	18	0	1	0	0
nFOMC20051101meeting.csv_MR.	0	0	0	16	0	2	0	116	534	0	0	0	0	9	2	18	0	8	0	5	3	0	0	0	1
nFOMC20051101meeting.csv_MR.	2	17	13	2	0	0	0	0	981	0	22	1	0	0	2	0	20	26	0	20	0	1	9	0	150
nFOMC20051101meeting.csv_MR.	0	0	0	0	0	0	0	0	369	0	2	0	0	1	0	0	1	0	25	23	0	0	0	0	0
nFOMC20051101meeting.csv_MR.	0	0	0	0	0	0	0	0	165	1	0	0	0	0	4	0	0	5	10	6	2	3	2	20	1
nFOMC20051101meeting.csv_MR.	0	0	0	0	0	0	0	0	335	0	0	0	11	1	13	0	0	0	1	0	1	58	0	0	0
nFOMC20051101meeting.csv_MS.	17	0	0	5	0	11	8	14	332	38	0	0	0	0	0	1	1	1	2	1	0	2	2	0	0
nFOMC20051101meeting.csv_MS.	0	0	0	0	0	0	0	0	58	0	0	0	0	0	0	0	0	0	0	0	0	0	47	0	1
nFOMC20051101meeting.csv_MS.	0	0	1	0	21	0	1	0	587	6	0	2	0	0	0	220	1	0	0	17	0	0	0	2	0
nFOMC20051101meeting.csv_MS.	0	0	0	2	0	0	0	1	529	0	0	0	6	1	2	6	0	9	61	64	0	15	0	1	3
nFOMC20051101meeting.csv_MS.	0	0	0	4	0	0	0	6	262	0	0	0	4	3	0	4	0	0	2	9	4	0	1	77	0
nFOMC20051101meeting.csv_MS.	0	0	0	13	0	0	3	0	495	1	3	3	0	0	0	2	0	20	0	17	6	4	15	5	2
nFOMC20051101meeting.csv_VICE	5	0	12	0	0	2	0	0	416	4	0	0	0	0	0	0	84	4	0	0	0	0	0	0	0
nFOMC20050630meeting.csv_CHAIRMAN	2	0	222	3	1	1	1	7	1168	24	0	0	0	0	176	0	0	35	5	2	0	1	118	1	0
nFOMC20050630meeting.csv_MR	0	0	0	0	0	4	0	0	5	0	0	0	1	1	0	1	0	0	0	0	0	0	0	0	0
nFOMC20050630meeting.csv_MR.	0	13	14	2	28	0	18	0	657	13	4	0	0	0	14	1	3	0	2	5	1	4	0	0	0
nFOMC20050630meeting.csv_MR.	0	0	10	1	14	0	2	31	289	0	0	0	0	199	48	20	1	5	18	1	0	0	0	0	0
nFOMC20050630meeting.csv_MR.	1	0	0	0	2	4	0	0	938	9	0	0	1	2	496	0	0	1	11	0	0	15	0	0	56
nFOMC20050630meeting.csv_MR.	3	1	24	0	2	1	0	0	551	0	8	0	30	0	107	0	10	5	0	0	39	0	6	0	3
nFOMC20050630meeting.csv_MR.	11	0	0	0	4	1	4	3	421	9	0	0	0	7	12	7	0	0	52	15	0	0	0	21	0
nFOMC20050630meeting.csv_MR.	0	0	0	0	0	0	0	1	161	3	0	0	0	0	0	0	0	9	13	0	4	1	0	3	0
nFOMC20050630meeting.csv_MR.	1	0	5	0	0	0	1	1	569	0	0	0	2	0	58	0	0	21	3	0	0	9	1	0	0
nFOMC20050630meeting.csv_MR.	5	269	0	0	14	0	15	1	463	5	0	0	3	1	7	2	1	1	0	4	16	1	0	0	4
nFOMC20050630meeting.csv_MR.	0	0	1	0	0	7	7	0	430	1	0	2	0	0	45	0	6	13	16	0	8	8	0	5	0
nFOMC20050630meeting.csv_MR.	0	49	1	0	48	0	0	0	579	3	0	0	0	0	4	101	1	0	2	0	0	0	0	0	50
nFOMC20050630meeting.csv_MR.	4	1	2	0	0	0	9	0	563	331	0	0	0	0	78	3	0	0	7	0	0	4	0	0	76
nFOMC20050630meeting.csv_MR.	16	0	6	1	12	0	2	0	537	4	0	0	0	0	16	0	0	2	6	0	0	0	0	47	0
nFOMC20050630meeting.csv_MR.	9	32	0	0	0	0	3	0	773	55	0	0	0	0	8	4	1	9	0	8	1	74	0	1	109
nFOMC20050630meeting.csv_MR.	29	6	10	0	0	11	0	0	407	179	0	2	0	2	28	1	0	0	0	4	0	0	0	3	0
nFOMC20050630meeting.csv_MR.	0	0	4	0	0	0	1	0	645	17	0	0	0	0	406	0	0	1	22	5	0	0	0	0	12
nFOMC20050630meeting.csv_MR.	0	0	0	0	5	0	3	38	437	0	3	5	10	3	91	5	0	1	0	13	0	0	4	1	0
nFOMC20050630meeting.csv_MR.	0	43	1	0	0	0	0	0	662	5	1	0	0	0	17	7	0	4	0	0	10	5	10	0	102
nFOMC20050630meeting.csv_MR.	25	0	0	0	18	0	2	0	575	2	4	5	21	0	228	0	0	0	0	0	5	0	3	0	8
nFOMC20050630meeting.csv_MR.	0	0	3	0	0	0	0	8	580	0	2	0	2	0	6	12	0	0	51	0	2	3	0	9	1
nFOMC20050630meeting.csv_MR.	0	0	0	2	0	0	0	0	155	0	0	0	0	3	4	0	0	0	7	0	2	3	0	6	0
nFOMC20050630meeting.csv_MR.	0	0	6	0	0	0	0	0	633	0	1	0	1	8	103	0	4	16	2	1	0	46	11	0	13
nFOMC20050630meeting.csv_MR.	3	0	0	0	0	0	1	0	901	0	0	0	2	0	0	34	1	69	0	0	0	155	0	0	121
nFOMC20050630meeting.csv_MR.	0	0	0	0	3	0	0	1	743	0	2	0	0	0	176	0	0	0	0	2	0	1	0	0	30
nFOMC20050630meeting.csv_MS.	40	3	0	0	0	19	0	1	535	212	0	2	0	0	40	0	3	1	4	0	0	0	0	6	3
nFOMC20050630meeting.csv_MS.	0	0	0	0	0	0	0	0	40	0	0	0	0	0	0	0	0	0	0	0	0	0	41	0	0
nFOMC20050630meeting.csv_MS.	12	1	22	9	57	1	0	4	440	9	0	0	44	0	33	36	0	0	0	15	0	0	3	0	0
nFOMC20050630meeting.csv_MS.	0	2	0	0	6	0	8	11	656	0	0	0	5	2	45	1	2	2	66	1	6	0	0	19	0
nFOMC20050630meeting.csv_MS.	0	0	0	0	0	0	1	0	182	4	0	1	0	0	0	0	0	1	3	2	0	0	0	40	0
nFOMC20050630meeting.csv_MS.	26	0	0	0	0	0	4	4	651	33	3	3	0	0	47	0	0	13	0	1	0	0	0	6	0
nFOMC20050630meeting.csv_VICE	3	1	1	0	0	0	0	2	550	4	0	4	0	0	19	2	79	1	0	0	0	0	0	0	4
nFOMC20070807meeting.csv_CHAIRMAN	123	10	50	10	0	22	1	0	1016	2	0	2	0	0	0	0	4	5	1	1	9	0	257	3	0
nFOMC20070807meeting.csv_MR.	140	67	0	0	0	1	2	1	1068	442	0	0	9	1	1	0	0	2	0	0	1	0	1	0	0
nFOMC20070807meeting.csv_MR.	25	5	3	0	9	0	0	0	502	16	0	5	11	144	0	7	1	0	0	0	17	0	5	0	0
nFOMC20070807meeting.csv_MR.	13	1	0	1	2	0	0	0	318	1	0	0	0	2	1	0	0	0	45	0	0	0	1	0	0
nFOMC20070807meeting.csv_MR.	78	2	0	2	0	0	0	0	814	22	0	0	5	0	0	3	9	4	0	3	6	4	4	0	2
nFOMC20070807meeting.csv_MR.	73	1	0	0	1	109	15	0	582	0	0	0	0	0	0	2	0	0	6	0	0	0	3	2	0
nFOMC20070807meeting.csv_MR.	21	0	2	1	0	0	1	0	724	0	6	18	5	0	0	0	5	0	16	0	8	1	1	11	0
nFOMC20070807meeting.csv_MR.	70	12	4	0	0	0	0	0	319	5	0	1	1	0	0	0	0	0	5	2	0	0	18	0	0
nFOMC20070807meeting.csv_MR.	18	1	0	41	0	0	1	0	952	0	7	0	0	0	4	0	0	0	0	0	1	5	0	0	143
nFOMC20070807meeting.csv_MR.	37	0	1	12	0	17	4	0	421	1	0	8	244	0	0	0	0	0	0	0	2	0	10	0	1
nFOMC20070807meeting.csv_MR.	19	0	0	2	0	2	1	3	432	3	0	0	0	0	0	0	7	1	4	0	0	0	4	70	0
nFOMC20070807meeting.csv_MR.	25	0	0	8	0	0	3	0	933	5	0	1	0	0	16	0	1	0	57	1	4	0	5	0	0
nFOMC20070807meeting.csv_MR.	22	0	14	0	1	2	1	93	420	10	0	0	6	9	0	0	0	2	0	2	14	0	1	2	0
nFOMC20070807meeting.csv_MR.	0	0	1	0	0	0	0	0	3	0	2	0	0	0	0	0	0	0	0	0	0	0	0	0	1
nFOMC20070807meeting.csv_MR.	48	0	0	0	0	0	3	1	393	15	0	6	2	6	7	7	0	0	4	0	0	0	0	0	0
nFOMC20070807meeting.csv_MR.	9	1	0	0	0	0	0	1	335	0	0	0	0	0	2	0	0	0	5	0	7	0	0	0	1
nFOMC20070807meeting.csv_MR.	124	0	1	0	0	20	157	4	625	37	0	0	16	0	0	0	10	1	0	3	0	0	0	0	7
nFOMC20070807meeting.csv_MR.	12	0	4	2	0	0	8	5	799	20	0	2	0	0	62	0	2	0	0	0	4	115	0	0	0
nFOMC20070807meeting.csv_MS.	0	0	0	1	0	0	0	0	45	1	0	0	0	0	0	0	0	0	0	0	0	0	37	0	0
nFOMC20070807meeting.csv_MS.	9	19	0	0	5	0	0	1	425	18	0	0	0	0	1	206	0	1	0	0	0	0	0	0	0
nFOMC20070807meeting.csv_MS.	12	4	0	0	0	1	2	0	220	1	0	0	0	0	0	0	6	0	2	0	0	0	0	33	0
nFOMC20070807meeting.csv_MS.	0	0	0	0	0	0	0	0	1	0	0	0	0	0	0	0	0	0	0	0	0	0	1	0	0
nFOMC20070807meeting.csv_MS.	40	0	1	0	0	0	0	1	652	7	3	0	0	0	0	0	0	2	0	0	0	23	0	0	0
nFOMC20070807meeting.csv_VICE	66	0	0	0	0	0	0	0	604	6	0	0	0	0	0	0	99	0	0	0	0	0	0	0	0
nFOMC20060920meeting.csv_CHAIRMAN	2	0	0	0	0	0	2	0	1140	0	35	0	13	7	3	0	0	11	3	0	0	10	147	8	11
nFOMC20060920meeting.csv_MR.	0	1	0	0	10	0	0	33	473	1	0	4	4	196	0	2	0	3	0	0	17	4	1	16	0
nFOMC20060920meeting.csv_MR.	0	0	0	14	0	0	0	0	358	2	4	0	4	0	0	0	0	0	27	25	1	0	0	22	0
nFOMC20060920meeting.csv_MR.	1	0	0	0	0	0	1	0	354	2	0	0	0	0	0	1	0	0	20	0	0	0	0	0	0
nFOMC20060920meeting.csv_MR.	6	0	3	0	5	0	0	0	533	6	5	0	0	0	12	0	9	12	0	0	2	1	0	0	0
nFOMC20060920meeting.csv_MR.	1	276	0	1	12	0	14	6	646	4	0	22	0	0	0	0	0	12	1	9	6	3	0	0	0
nFOMC20060920meeting.csv_MR.	0	0	0	0	1	66	21	1	501	0	1	0	0	0	0	0	0	9	0	0	0	0	0	0	1
nFOMC20060920meeting.csv_MR.	1	7	0	1	1	0	0	1	717	0	0	0	2	0	0	2	0	27	15	2	13	0	0	0	2
nFOMC20060920meeting.csv_MR.	0	0	2	0	0	0	0	0	237	0	0	0	50	0	0	0	0	0	1	0	0	3	2	5	0
nFOMC20060920meeting.csv_MR.	0	0	0	5	1	2	0	6	575	0	4	1	0	0	0	0	0	0	4	0	0	0	0	73	4
nFOMC20060920meeting.csv_MR.	0	0	0	1	0	0	0	0	1243	0	14	0	0	0	0	1	2	5	53	0	30	3	2	0	1
nFOMC20060920meeting.csv_MR.	0	5	1	0	0	7	1	63	426	2	1	0	0	5	0	3	0	0	0	2	0	0	0	2	1
nFOMC20060920meeting.csv_MR.	0	25	9	0	0	0	0	1	532	1	0	0	0	0	0	12	5	5	0	0	0	0	0	0	109
nFOMC20060920meeting.csv_MR.	0	1	0	0	0	0	1	9	244	0	0	0	0	0	0	0	0	0	0	1	1	0	0	0	0
nFOMC20060920meeting.csv_MR.	0	0	0	0	0	0	3	4	1546	2	2	8	0	6	11	4	2	17	0	0	8	347	0	0	0
nFOMC20060920meeting.csv_MR.	1	1	0	0	0	1	140	0	603	11	0	0	7	4	0	0	0	0	2	0	0	0	7	0	0
nFOMC20060920meeting.csv_MR.	0	0	4	0	0	0	1	0	9	0	0	0	0	0	0	0	1	0	0	1	0	5	0	0	0
nFOMC20060920meeting.csv_MS.	1	0	1	0	0	1	11	0	325	25	0	2	0	2	0	0	0	2	8	0	4	3	0	0	0
nFOMC20060920meeting.csv_MS.	0	0	0	0	0	0	0	0	40	0	0	0	0	0	0	0	0	0	0	0	0	0	44	0	0
nFOMC20060920meeting.csv_MS.	0	0	0	0	49	1	0	1	549	2	0	0	0	0	0	194	0	2	0	7	0	0	0	0	0
nFOMC20060920meeting.csv_MS.	1	0	0	0	0	1	0	1	782	11	3	0	10	0	5	1	0	0	130	0	5	13	0	0	5
nFOMC20060920meeting.csv_MS.	0	3	3	2	0	3	0	1	27	1	0	0	0	0	0	0	0	2	0	0	0	0	0	0	1
nFOMC20060920meeting.csv_MS.	0	0	0	0	0	0	0	10	410	0	0	0	0	2	3	0	0	18	15	3	0	2	1	35	0
nFOMC20060920meeting.csv_MS.	3	0	0	0	0	2	5	2	492	0	0	2	0	2	30	2	1	33	0	0	3	10	0	1	3
nFOMC20060920meeting.csv_VICE	0	0	6	4	0	5	2	0	559	0	0	2	0	0	0	0	120	1	0	0	0	2	0	0	0
nFOMC20071211meeting.csv_CHAIRMAN	111	3	0	0	10	0	0	0	1207	4	0	87	46	1	1	16	2	0	0	0	2	0	201	0	0
nFOMC20071211meeting.csv_MR.	0	0	0	0	0	0	0	2	16	0	1	13	0	0	0	0	0	0	2	1	0	0	0	0	0
nFOMC20071211meeting.csv_MR.	79	28	0	0	0	0	0	0	728	321	0	10	0	0	0	0	6	0	0	0	0	0	0	2	1
nFOMC20071211meeting.csv_MR.	49	5	4	0	0	0	0	0	798	0	0	4	0	8	0	2	0	0	1	0	0	22	0	1	0
nFOMC20071211meeting.csv_MR.	0	4	0	0	39	1	18	13	591	2	2	14	32	192	1	3	0	7	0	0	1	0	26	32	0
nFOMC20071211meeting.csv_MR.	0	0	0	0	1	0	0	0	514	1	0	4	0	0	0	3	0	2	43	0	0	0	1	3	0
nFOMC20071211meeting.csv_MR.	72	0	0	0	0	0	1	0	621	28	0	3	0	1	0	0	0	7	0	0	1	0	3	0	0
nFOMC20071211meeting.csv_MR.	100	0	0	0	1	155	0	0	415	29	0	13	0	0	3	0	1	1	3	0	1	0	0	0	0
nFOMC20071211meeting.csv_MR.	18	0	2	0	0	0	0	5	578	12	0	2	2	0	8	0	0	0	30	1	8	0	0	9	0
nFOMC20071211meeting.csv_MR.	90	0	0	1	0	9	0	7	546	7	0	2	1	5	1	0	7	0	10	3	0	0	1	48	0
nFOMC20071211meeting.csv_MR.	28	0	0	0	1	1	0	0	830	3	0	8	0	0	0	0	0	0	0	0	4	16	0	0	83
nFOMC20071211meeting.csv_MR.	46	0	7	0	0	0	0	0	645	0	2	4	168	1	1	0	0	0	0	4	0	0	4	0	0
nFOMC20071211meeting.csv_MR.	77	0	0	0	0	0	0	0	1041	14	4	11	0	26	0	1	1	0	79	0	0	10	1	7	0
nFOMC20071211meeting.csv_MR.	31	0	0	1	1	9	5	78	567	0	0	14	8	0	0	13	0	0	0	8	6	0	9	1	0
nFOMC20071211meeting.csv_MR.	32	0	0	0	5	0	0	0	296	14	0	1	0	4	0	1	0	1	3	0	0	0	1	9	0
nFOMC20071211meeting.csv_MR.	8	6	0	0	61	0	0	2	555	0	0	0	0	0	0	146	0	0	0	0	0	0	0	0	0
nFOMC20071211meeting.csv_MR.	11	0	0	0	1	1	0	4	243	0	2	0	1	0	0	2	0	0	0	1	0	0	0	2	0
nFOMC20071211meeting.csv_MR.	45	2	0	0	0	0	6	0	1359	2	0	1	0	0	0	24	0	0	0	0	2	244	0	13	0
nFOMC20071211meeting.csv_MR.	83	0	0	0	2	5	137	2	636	17	2	22	0	1	2	0	0	3	0	1	0	0	0	0	1
nFOMC20071211meeting.csv_MS.	0	0	0	1	0	0	0	0	52	0	0	12	0	0	0	0	0	0	0	0	0	0	57	0	0
nFOMC20071211meeting.csv_MS.	36	0	0	0	0	2	2	1	228	0	1	0	0	0	0	0	0	1	6	0	2	0	0	29	0
nFOMC20071211meeting.csv_MS.	67	9	0	0	0	1	1	0	734	32	0	22	0	1	8	0	0	0	6	3	9	4	1	4	0
nFOMC20071211meeting.csv_VICE	61	0	0	1	12	0	0	0	670	8	4	33	0	0	0	0	81	0	0	2	0	0	0	1	0
nFOMC20071206confcall.csv_CHAIRMAN	21	1	1	0	11	2	0	0	491	1	0	238	55	0	0	0	3	0	2	0	2	0	76	0	0
nFOMC20071206confcall.csv_MR.	42	35	0	0	15	0	0	0	376	50	0	72	0	0	0	0	0	0	0	0	0	0	0	0	0
nFOMC20071206confcall.csv_MR.	0	0	1	0	0	1	2	0	37	0	0	20	2	0	0	0	0	0	0	0	2	0	2	1	0
nFOMC20071206confcall.csv_MR.	0	0	0	0	0	0	0	0	110	5	0	64	37	20	0	2	0	0	0	0	2	0	4	0	0
nFOMC20071206confcall.csv_MR.	4	9	0	0	0	1	0	0	112	1	1	92	0	0	0	0	0	0	0	0	0	1	0	0	0
nFOMC20071206confcall.csv_MR.	1	0	0	0	0	0	0	0	40	0	0	26	2	2	0	0	0	0	2	0	2	0	0	0	0
nFOMC20071206confcall.csv_MR.	27	0	0	1	4	1	0	0	153	0	1	75	25	0	0	1	0	0	0	0	0	0	3	0	0
nFOMC20071206confcall.csv_MR.	5	0	0	0	0	29	0	4	168	0	0	66	9	0	0	0	1	0	0	1	0	0	0	0	0
nFOMC20071206confcall.csv_MR.	35	0	2	0	7	5	0	0	91	3	0	32	0	0	1	0	0	0	1	0	5	0	1	0	0
nFOMC20071206confcall.csv_MR.	3	0	0	0	1	0	0	0	34	0	0	10	2	0	0	0	2	2	0	0	0	0	2	0	0
nFOMC20071206confcall.csv_MR.	0	0	0	1	1	0	0	2	340	2	9	304	0	1	0	0	0	0	0	0	0	1	8	0	5
nFOMC20071206confcall.csv_MR.	14	0	0	0	0	0	2	0	66	0	0	17	36	0	0	0	1	0	0	0	0	0	0	0	1
nFOMC20071206confcall.csv_MR.	0	0	0	2	0	0	13	0	110	0	0	43	16	0	1	0	0	0	2	0	0	0	0	0	0
nFOMC20071206confcall.csv_MR.	0	6	0	0	4	2	0	9	119	0	0	81	15	0	0	0	0	0	0	0	2	0	0	0	0
nFOMC20071206confcall.csv_MR.	0	0	0	0	0	0	2	0	38	1	0	18	1	0	0	0	0	0	0	0	0	0	0	0	0
nFOMC20071206confcall.csv_MR.	0	3	0	0	0	0	1	0	103	0	0	82	0	0	0	8	0	0	0	0	0	0	1	0	1
nFOMC20071206confcall.csv_MR.	4	0	2	0	0	0	0	0	70	0	0	8	8	0	0	0	3	0	0	0	3	0	1	3	0
nFOMC20071206confcall.csv_MR.	36	0	0	0	0	0	25	0	190	0	0	41	11	0	0	1	0	0	0	1	0	0	0	0	0
nFOMC20071206confcall.csv_MS.	0	0	0	1	0	0	0	0	32	0	0	17	0	0	0	0	0	1	0	0	0	1	20	0	0
nFOMC20071206confcall.csv_MS.	0	6	0	0	0	0	0	1	314	6	5	367	0	0	0	0	0	0	0	0	7	0	0	0	0
nFOMC20071206confcall.csv_MS.	2	0	0	0	0	0	1	0	71	0	4	32	1	0	1	0	0	0	0	0	0	0	0	12	0
nFOMC20071206confcall.csv_MS.	0	0	1	0	0	0	0	0	118	0	7	32	0	0	0	0	3	1	0	0	0	0	1	0	1
nFOMC20071206confcall.csv_VICE	42	0	3	1	6	0	0	0	167	1	1	24	9	0	0	2	52	0	0	0	3	0	0	1	0
